"LOCATION","INDICATOR","SUBJECT","MEASURE","FREQUENCY","TIME","Value","Flag Codes"
"AUS","DOCCONSULT","TOT","CAP","A","1960",2.7,
"AUS","DOCCONSULT","TOT","CAP","A","1961",2.8,
"AUS","DOCCONSULT","TOT","CAP","A","1962",2.9,
"AUS","DOCCONSULT","TOT","CAP","A","1963",2.9,
"AUS","DOCCONSULT","TOT","CAP","A","1964",2.9,
"AUS","DOCCONSULT","TOT","CAP","A","1965",2.8,
"AUS","DOCCONSULT","TOT","CAP","A","1966",2.8,
"AUS","DOCCONSULT","TOT","CAP","A","1967",2.9,
"AUS","DOCCONSULT","TOT","CAP","A","1968",3,
"AUS","DOCCONSULT","TOT","CAP","A","1969",3.2,
"AUS","DOCCONSULT","TOT","CAP","A","1970",3.1,
"AUS","DOCCONSULT","TOT","CAP","A","1971",3.3,
"AUS","DOCCONSULT","TOT","CAP","A","1972",3.3,
"AUS","DOCCONSULT","TOT","CAP","A","1973",3.3,
"AUS","DOCCONSULT","TOT","CAP","A","1974",3.4,
"AUS","DOCCONSULT","TOT","CAP","A","1975",3.6,
"AUS","DOCCONSULT","TOT","CAP","A","1976",3.6,
"AUS","DOCCONSULT","TOT","CAP","A","1977",3.7,
"AUS","DOCCONSULT","TOT","CAP","A","1978",3.8,
"AUS","DOCCONSULT","TOT","CAP","A","1979",3.9,
"AUS","DOCCONSULT","TOT","CAP","A","1980",4,
"AUS","DOCCONSULT","TOT","CAP","A","1981",4.5,
"AUS","DOCCONSULT","TOT","CAP","A","1982",4.5,
"AUS","DOCCONSULT","TOT","CAP","A","1983",5,
"AUS","DOCCONSULT","TOT","CAP","A","1984",5.1,
"AUS","DOCCONSULT","TOT","CAP","A","1985",5.4,
"AUS","DOCCONSULT","TOT","CAP","A","1986",5.5,
"AUS","DOCCONSULT","TOT","CAP","A","1987",5.7,
"AUS","DOCCONSULT","TOT","CAP","A","1988",5.9,
"AUS","DOCCONSULT","TOT","CAP","A","1989",6.2,
"AUS","DOCCONSULT","TOT","CAP","A","1990",6.1,
"AUS","DOCCONSULT","TOT","CAP","A","1991",6.3,
"AUS","DOCCONSULT","TOT","CAP","A","1992",6.6,
"AUS","DOCCONSULT","TOT","CAP","A","1993",6.8,
"AUS","DOCCONSULT","TOT","CAP","A","1994",6.5,
"AUS","DOCCONSULT","TOT","CAP","A","1995",6.7,
"AUS","DOCCONSULT","TOT","CAP","A","1996",6.8,
"AUS","DOCCONSULT","TOT","CAP","A","1997",6.7,
"AUS","DOCCONSULT","TOT","CAP","A","1998",6.7,
"AUS","DOCCONSULT","TOT","CAP","A","1999",6.6,
"AUS","DOCCONSULT","TOT","CAP","A","2000",6.4,
"AUS","DOCCONSULT","TOT","CAP","A","2001",6.4,
"AUS","DOCCONSULT","TOT","CAP","A","2002",6.3,
"AUS","DOCCONSULT","TOT","CAP","A","2003",5.743,"B"
"AUS","DOCCONSULT","TOT","CAP","A","2004",5.71,
"AUS","DOCCONSULT","TOT","CAP","A","2005",5.837,
"AUS","DOCCONSULT","TOT","CAP","A","2006",5.94,
"AUS","DOCCONSULT","TOT","CAP","A","2007",5.995,
"AUS","DOCCONSULT","TOT","CAP","A","2008",6.258,
"AUS","DOCCONSULT","TOT","CAP","A","2009",6.327,
"AUS","DOCCONSULT","TOT","CAP","A","2010",6.497,
"AUS","DOCCONSULT","TOT","CAP","A","2011",6.465,
"AUS","DOCCONSULT","TOT","CAP","A","2012",6.458,
"AUS","DOCCONSULT","TOT","CAP","A","2013",6.497,
"AUS","DOCCONSULT","TOT","CAP","A","2014",6.675,
"AUS","DOCCONSULT","TOT","CAP","A","2015",6.84,
"AUS","DOCCONSULT","TOT","CAP","A","2016",7.025,
"AUS","DOCCONSULT","TOT","CAP","A","2017",7.1,
"AUS","DOCCONSULT","TOT","CAP","A","2018",7.27,
"AUS","DOCCONSULT","TOT","CAP","A","2019",7.322,
"AUS","DOCCONSULT","TOT","CAP","A","2020",6.777,
"AUS","DOCCONSULT","TOT","CAP","A","2021",6.1,
"AUS","DOCCONSULT","TOT","CAP","A","2022",6.59,
"AUT","DOCCONSULT","TOT","CAP","A","1960",4.3,"D"
"AUT","DOCCONSULT","TOT","CAP","A","1961",4.5,"D"
"AUT","DOCCONSULT","TOT","CAP","A","1962",4.4,"D"
"AUT","DOCCONSULT","TOT","CAP","A","1963",4.7,"D"
"AUT","DOCCONSULT","TOT","CAP","A","1964",4.8,"D"
"AUT","DOCCONSULT","TOT","CAP","A","1965",4.9,"D"
"AUT","DOCCONSULT","TOT","CAP","A","1966",4.9,"D"
"AUT","DOCCONSULT","TOT","CAP","A","1967",5,"D"
"AUT","DOCCONSULT","TOT","CAP","A","1968",5,"D"
"AUT","DOCCONSULT","TOT","CAP","A","1969",5.2,"D"
"AUT","DOCCONSULT","TOT","CAP","A","1970",5.2,"D"
"AUT","DOCCONSULT","TOT","CAP","A","1971",5.2,"D"
"AUT","DOCCONSULT","TOT","CAP","A","1972",5.2,"D"
"AUT","DOCCONSULT","TOT","CAP","A","1973",5.1,"D"
"AUT","DOCCONSULT","TOT","CAP","A","1974",5.2,"D"
"AUT","DOCCONSULT","TOT","CAP","A","1975",5.3,"D"
"AUT","DOCCONSULT","TOT","CAP","A","1976",5.4,"D"
"AUT","DOCCONSULT","TOT","CAP","A","1977",5.3,"D"
"AUT","DOCCONSULT","TOT","CAP","A","1978",5.3,"D"
"AUT","DOCCONSULT","TOT","CAP","A","1979",5.3,"D"
"AUT","DOCCONSULT","TOT","CAP","A","1980",5.4,"D"
"AUT","DOCCONSULT","TOT","CAP","A","1981",5.4,"D"
"AUT","DOCCONSULT","TOT","CAP","A","1982",5.3,"D"
"AUT","DOCCONSULT","TOT","CAP","A","1983",5.4,"D"
"AUT","DOCCONSULT","TOT","CAP","A","1984",5.4,"D"
"AUT","DOCCONSULT","TOT","CAP","A","1985",5.5,"D"
"AUT","DOCCONSULT","TOT","CAP","A","1986",5.5,"D"
"AUT","DOCCONSULT","TOT","CAP","A","1987",5.6,"D"
"AUT","DOCCONSULT","TOT","CAP","A","1988",5.8,"D"
"AUT","DOCCONSULT","TOT","CAP","A","1989",5.8,"D"
"AUT","DOCCONSULT","TOT","CAP","A","1990",5.9,"D"
"AUT","DOCCONSULT","TOT","CAP","A","1991",5.9,"D"
"AUT","DOCCONSULT","TOT","CAP","A","1992",6,"D"
"AUT","DOCCONSULT","TOT","CAP","A","1993",6.1,"D"
"AUT","DOCCONSULT","TOT","CAP","A","1994",6.2,"D"
"AUT","DOCCONSULT","TOT","CAP","A","1995",6.3,"D"
"AUT","DOCCONSULT","TOT","CAP","A","1996",6.3,"D"
"AUT","DOCCONSULT","TOT","CAP","A","1997",6.2,"D"
"AUT","DOCCONSULT","TOT","CAP","A","1998",6.5,"D"
"AUT","DOCCONSULT","TOT","CAP","A","1999",6.7,"D"
"AUT","DOCCONSULT","TOT","CAP","A","2000",6.7,"D"
"AUT","DOCCONSULT","TOT","CAP","A","2001",6.7,"D"
"AUT","DOCCONSULT","TOT","CAP","A","2002",6.7,"D"
"AUT","DOCCONSULT","TOT","CAP","A","2003",6.7,"D"
"AUT","DOCCONSULT","TOT","CAP","A","2004",6.7,"D"
"AUT","DOCCONSULT","TOT","CAP","A","2005",6.7,"D"
"AUT","DOCCONSULT","TOT","CAP","A","2006",6.7,"D"
"AUT","DOCCONSULT","TOT","CAP","A","2007",6.8,"D"
"AUT","DOCCONSULT","TOT","CAP","A","2008",6.9,"D"
"AUT","DOCCONSULT","TOT","CAP","A","2009",6.9,"D"
"AUT","DOCCONSULT","TOT","CAP","A","2010",6.9,"D"
"AUT","DOCCONSULT","TOT","CAP","A","2011",6.9,"D"
"AUT","DOCCONSULT","TOT","CAP","A","2012",6.82,"D"
"AUT","DOCCONSULT","TOT","CAP","A","2013",6.82,"D"
"AUT","DOCCONSULT","TOT","CAP","A","2014",6.77,"D"
"AUT","DOCCONSULT","TOT","CAP","A","2015",6.62,"D"
"AUT","DOCCONSULT","TOT","CAP","A","2016",6.59,"D"
"AUT","DOCCONSULT","TOT","CAP","A","2017",6.53,"D"
"AUT","DOCCONSULT","TOT","CAP","A","2018",6.55,"D"
"AUT","DOCCONSULT","TOT","CAP","A","2019",6.55,"D"
"AUT","DOCCONSULT","TOT","CAP","A","2020",5.8,"D"
"AUT","DOCCONSULT","TOT","CAP","A","2021",6.46,"D"
"BEL","DOCCONSULT","TOT","CAP","A","2006",6.49,
"BEL","DOCCONSULT","TOT","CAP","A","2007",6.47,
"BEL","DOCCONSULT","TOT","CAP","A","2008",6.75,
"BEL","DOCCONSULT","TOT","CAP","A","2009",6.85,
"BEL","DOCCONSULT","TOT","CAP","A","2010",6.62,
"BEL","DOCCONSULT","TOT","CAP","A","2011",6.68,
"BEL","DOCCONSULT","TOT","CAP","A","2012",6.71,
"BEL","DOCCONSULT","TOT","CAP","A","2013",6.67,
"BEL","DOCCONSULT","TOT","CAP","A","2014",6.67,
"BEL","DOCCONSULT","TOT","CAP","A","2015",6.76,
"BEL","DOCCONSULT","TOT","CAP","A","2016",6.89,
"BEL","DOCCONSULT","TOT","CAP","A","2017",6.96,
"BEL","DOCCONSULT","TOT","CAP","A","2018",7.19,
"BEL","DOCCONSULT","TOT","CAP","A","2019",7.3,
"BEL","DOCCONSULT","TOT","CAP","A","2020",6.17,
"BEL","DOCCONSULT","TOT","CAP","A","2021",6.74,
"CAN","DOCCONSULT","TOT","CAP","A","1962",4,
"CAN","DOCCONSULT","TOT","CAP","A","1972",4.3,
"CAN","DOCCONSULT","TOT","CAP","A","1973",4.4,
"CAN","DOCCONSULT","TOT","CAP","A","1974",4.6,
"CAN","DOCCONSULT","TOT","CAP","A","1975",4.9,
"CAN","DOCCONSULT","TOT","CAP","A","1976",4.9,
"CAN","DOCCONSULT","TOT","CAP","A","1977",5,
"CAN","DOCCONSULT","TOT","CAP","A","1978",5.1,
"CAN","DOCCONSULT","TOT","CAP","A","1979",5.3,
"CAN","DOCCONSULT","TOT","CAP","A","1980",5.6,
"CAN","DOCCONSULT","TOT","CAP","A","1981",5.6,
"CAN","DOCCONSULT","TOT","CAP","A","1982",5.8,
"CAN","DOCCONSULT","TOT","CAP","A","1983",5.9,
"CAN","DOCCONSULT","TOT","CAP","A","1984",6,
"CAN","DOCCONSULT","TOT","CAP","A","1985",6.2,
"CAN","DOCCONSULT","TOT","CAP","A","1986",6.4,
"CAN","DOCCONSULT","TOT","CAP","A","1987",6.6,
"CAN","DOCCONSULT","TOT","CAP","A","1988",6.6,
"CAN","DOCCONSULT","TOT","CAP","A","1989",6.8,
"CAN","DOCCONSULT","TOT","CAP","A","1990",6.7,
"CAN","DOCCONSULT","TOT","CAP","A","1991",6.9,
"CAN","DOCCONSULT","TOT","CAP","A","1992",6.9,
"CAN","DOCCONSULT","TOT","CAP","A","1993",6.8,
"CAN","DOCCONSULT","TOT","CAP","A","1994",6.6,
"CAN","DOCCONSULT","TOT","CAP","A","1995",6.5,
"CAN","DOCCONSULT","TOT","CAP","A","1996",6.4,
"CAN","DOCCONSULT","TOT","CAP","A","1997",6.3,
"CAN","DOCCONSULT","TOT","CAP","A","1998",6.4,
"CAN","DOCCONSULT","TOT","CAP","A","1999",6.548,"B"
"CAN","DOCCONSULT","TOT","CAP","A","2000",6.737,"E"
"CAN","DOCCONSULT","TOT","CAP","A","2001",6.882,"E"
"CAN","DOCCONSULT","TOT","CAP","A","2002",6.918,"E"
"CAN","DOCCONSULT","TOT","CAP","A","2003",7.045,"E"
"CAN","DOCCONSULT","TOT","CAP","A","2004",6.922,"E"
"CAN","DOCCONSULT","TOT","CAP","A","2005",7.004,"E"
"CAN","DOCCONSULT","TOT","CAP","A","2006",6.93,"E"
"CAN","DOCCONSULT","TOT","CAP","A","2007",7.047,"E"
"CAN","DOCCONSULT","TOT","CAP","A","2008",7.153,"E"
"CAN","DOCCONSULT","TOT","CAP","A","2009",7.025,"E"
"CAN","DOCCONSULT","TOT","CAP","A","2010",6.987,"E"
"CAN","DOCCONSULT","TOT","CAP","A","2011",6.984,"E"
"CAN","DOCCONSULT","TOT","CAP","A","2012",6.941,"E"
"CAN","DOCCONSULT","TOT","CAP","A","2013",6.664,"E"
"CAN","DOCCONSULT","TOT","CAP","A","2014",6.638,"E"
"CAN","DOCCONSULT","TOT","CAP","A","2015",6.643,"E"
"CAN","DOCCONSULT","TOT","CAP","A","2016",6.611,"E"
"CAN","DOCCONSULT","TOT","CAP","A","2017",6.58,"E"
"CAN","DOCCONSULT","TOT","CAP","A","2018",6.535,"E"
"CAN","DOCCONSULT","TOT","CAP","A","2019",6.6,"E"
"CAN","DOCCONSULT","TOT","CAP","A","2020",4.73,"E"
"CZE","DOCCONSULT","TOT","CAP","A","2015",7.72,
"CZE","DOCCONSULT","TOT","CAP","A","2016",7.73,
"CZE","DOCCONSULT","TOT","CAP","A","2017",7.71,
"CZE","DOCCONSULT","TOT","CAP","A","2018",7.91,
"CZE","DOCCONSULT","TOT","CAP","A","2019",7.91,
"CZE","DOCCONSULT","TOT","CAP","A","2020",7.32,
"CZE","DOCCONSULT","TOT","CAP","A","2021",7.8,
"DNK","DOCCONSULT","TOT","CAP","A","1990",3.7,
"DNK","DOCCONSULT","TOT","CAP","A","1991",3.8,
"DNK","DOCCONSULT","TOT","CAP","A","1992",4,
"DNK","DOCCONSULT","TOT","CAP","A","1993",3.9,
"DNK","DOCCONSULT","TOT","CAP","A","1994",4,
"DNK","DOCCONSULT","TOT","CAP","A","1995",4.1,
"DNK","DOCCONSULT","TOT","CAP","A","1996",4,
"DNK","DOCCONSULT","TOT","CAP","A","1997",4.1,
"DNK","DOCCONSULT","TOT","CAP","A","1998",4.2,
"DNK","DOCCONSULT","TOT","CAP","A","1999",4.1,
"DNK","DOCCONSULT","TOT","CAP","A","2000",4.2,
"DNK","DOCCONSULT","TOT","CAP","A","2001",4.2,
"DNK","DOCCONSULT","TOT","CAP","A","2002",4.3,
"DNK","DOCCONSULT","TOT","CAP","A","2003",4.3,
"DNK","DOCCONSULT","TOT","CAP","A","2004",4.4,
"DNK","DOCCONSULT","TOT","CAP","A","2005",4.5,
"DNK","DOCCONSULT","TOT","CAP","A","2006",4.5,
"DNK","DOCCONSULT","TOT","CAP","A","2007",4.5,
"DNK","DOCCONSULT","TOT","CAP","A","2008",4.6,
"DNK","DOCCONSULT","TOT","CAP","A","2009",4.6,
"DNK","DOCCONSULT","TOT","CAP","A","2010",4.6,
"DNK","DOCCONSULT","TOT","CAP","A","2011",4.8,
"DNK","DOCCONSULT","TOT","CAP","A","2012",4.7,
"DNK","DOCCONSULT","TOT","CAP","A","2013",4.675,
"DNK","DOCCONSULT","TOT","CAP","A","2014",4.088,
"DNK","DOCCONSULT","TOT","CAP","A","2015",4.073,
"DNK","DOCCONSULT","TOT","CAP","A","2016",4.077,
"DNK","DOCCONSULT","TOT","CAP","A","2017",4.103,
"DNK","DOCCONSULT","TOT","CAP","A","2018",4.05,
"DNK","DOCCONSULT","TOT","CAP","A","2019",3.946,
"DNK","DOCCONSULT","TOT","CAP","A","2020",3.964,
"DNK","DOCCONSULT","TOT","CAP","A","2021",3.793,
"FIN","DOCCONSULT","TOT","CAP","A","1964",1.6,
"FIN","DOCCONSULT","TOT","CAP","A","1965",1.7,
"FIN","DOCCONSULT","TOT","CAP","A","1966",1.7,
"FIN","DOCCONSULT","TOT","CAP","A","1967",1.8,
"FIN","DOCCONSULT","TOT","CAP","A","1968",2,
"FIN","DOCCONSULT","TOT","CAP","A","1969",2.2,
"FIN","DOCCONSULT","TOT","CAP","A","1970",2.4,
"FIN","DOCCONSULT","TOT","CAP","A","1971",2.7,
"FIN","DOCCONSULT","TOT","CAP","A","1972",2.8,
"FIN","DOCCONSULT","TOT","CAP","A","1973",2.8,
"FIN","DOCCONSULT","TOT","CAP","A","1974",3,
"FIN","DOCCONSULT","TOT","CAP","A","1975",3,
"FIN","DOCCONSULT","TOT","CAP","A","1976",3,
"FIN","DOCCONSULT","TOT","CAP","A","1977",3,
"FIN","DOCCONSULT","TOT","CAP","A","1978",3,
"FIN","DOCCONSULT","TOT","CAP","A","1979",3.1,
"FIN","DOCCONSULT","TOT","CAP","A","1980",3.2,
"FIN","DOCCONSULT","TOT","CAP","A","1981",3.3,
"FIN","DOCCONSULT","TOT","CAP","A","1982",3.3,
"FIN","DOCCONSULT","TOT","CAP","A","1983",3.4,
"FIN","DOCCONSULT","TOT","CAP","A","1984",3.4,
"FIN","DOCCONSULT","TOT","CAP","A","1985",3.6,
"FIN","DOCCONSULT","TOT","CAP","A","1986",3.6,
"FIN","DOCCONSULT","TOT","CAP","A","1987",3.6,
"FIN","DOCCONSULT","TOT","CAP","A","1988",3.7,
"FIN","DOCCONSULT","TOT","CAP","A","1989",3.9,
"FIN","DOCCONSULT","TOT","CAP","A","1990",3.9,
"FIN","DOCCONSULT","TOT","CAP","A","1991",4,
"FIN","DOCCONSULT","TOT","CAP","A","1992",3.9,
"FIN","DOCCONSULT","TOT","CAP","A","1993",3.9,
"FIN","DOCCONSULT","TOT","CAP","A","1994",4,
"FIN","DOCCONSULT","TOT","CAP","A","1995",4.1,
"FIN","DOCCONSULT","TOT","CAP","A","1996",4.3,
"FIN","DOCCONSULT","TOT","CAP","A","1997",4.2,
"FIN","DOCCONSULT","TOT","CAP","A","1998",4.2,
"FIN","DOCCONSULT","TOT","CAP","A","1999",4.3,
"FIN","DOCCONSULT","TOT","CAP","A","2000",4.3,
"FIN","DOCCONSULT","TOT","CAP","A","2001",4.3,
"FIN","DOCCONSULT","TOT","CAP","A","2002",4.2,
"FIN","DOCCONSULT","TOT","CAP","A","2003",4.2,
"FIN","DOCCONSULT","TOT","CAP","A","2004",4.2,
"FIN","DOCCONSULT","TOT","CAP","A","2005",4.3,
"FIN","DOCCONSULT","TOT","CAP","A","2006",4.3,
"FIN","DOCCONSULT","TOT","CAP","A","2007",4.2,
"FIN","DOCCONSULT","TOT","CAP","A","2008",4.3,
"FIN","DOCCONSULT","TOT","CAP","A","2009",4.2,
"FIN","DOCCONSULT","TOT","CAP","A","2010",4.3,
"FIN","DOCCONSULT","TOT","CAP","A","2011",4.2,"B"
"FIN","DOCCONSULT","TOT","CAP","A","2012",4.2,
"FIN","DOCCONSULT","TOT","CAP","A","2013",4.2,
"FIN","DOCCONSULT","TOT","CAP","A","2014",4.2,
"FIN","DOCCONSULT","TOT","CAP","A","2015",4.3,
"FIN","DOCCONSULT","TOT","CAP","A","2016",4.3,
"FIN","DOCCONSULT","TOT","CAP","A","2017",4.4,
"FIN","DOCCONSULT","TOT","CAP","A","2018",4.4,
"FIN","DOCCONSULT","TOT","CAP","A","2019",4.4,
"FIN","DOCCONSULT","TOT","CAP","A","2020",4,
"FIN","DOCCONSULT","TOT","CAP","A","2021",4.142,
"FRA","DOCCONSULT","TOT","CAP","A","1980",4.2,
"FRA","DOCCONSULT","TOT","CAP","A","1981",4.4,
"FRA","DOCCONSULT","TOT","CAP","A","1982",4.6,
"FRA","DOCCONSULT","TOT","CAP","A","1983",4.8,
"FRA","DOCCONSULT","TOT","CAP","A","1984",4.8,
"FRA","DOCCONSULT","TOT","CAP","A","1985",5.2,
"FRA","DOCCONSULT","TOT","CAP","A","1986",5.4,
"FRA","DOCCONSULT","TOT","CAP","A","1987",5.4,
"FRA","DOCCONSULT","TOT","CAP","A","1988",5.6,
"FRA","DOCCONSULT","TOT","CAP","A","1989",5.7,
"FRA","DOCCONSULT","TOT","CAP","A","1990",5.9,
"FRA","DOCCONSULT","TOT","CAP","A","1991",6.1,
"FRA","DOCCONSULT","TOT","CAP","A","1992",6.2,
"FRA","DOCCONSULT","TOT","CAP","A","1993",6.3,
"FRA","DOCCONSULT","TOT","CAP","A","1994",6.4,
"FRA","DOCCONSULT","TOT","CAP","A","1995",6.4,
"FRA","DOCCONSULT","TOT","CAP","A","1996",6.5,
"FRA","DOCCONSULT","TOT","CAP","A","1997",6.5,
"FRA","DOCCONSULT","TOT","CAP","A","1998",6.6,
"FRA","DOCCONSULT","TOT","CAP","A","1999",6.6,
"FRA","DOCCONSULT","TOT","CAP","A","2000",6.9,"B"
"FRA","DOCCONSULT","TOT","CAP","A","2001",7.4,"B"
"FRA","DOCCONSULT","TOT","CAP","A","2002",7.3,
"FRA","DOCCONSULT","TOT","CAP","A","2003",7.2,
"FRA","DOCCONSULT","TOT","CAP","A","2004",7,
"FRA","DOCCONSULT","TOT","CAP","A","2005",7,
"FRA","DOCCONSULT","TOT","CAP","A","2006",6.8,
"FRA","DOCCONSULT","TOT","CAP","A","2007",6.8,
"FRA","DOCCONSULT","TOT","CAP","A","2008",6.7,
"FRA","DOCCONSULT","TOT","CAP","A","2009",6.7,
"FRA","DOCCONSULT","TOT","CAP","A","2010",6.7,
"FRA","DOCCONSULT","TOT","CAP","A","2011",6.8,
"FRA","DOCCONSULT","TOT","CAP","A","2012",6.7,
"FRA","DOCCONSULT","TOT","CAP","A","2013",6.4,"B"
"FRA","DOCCONSULT","TOT","CAP","A","2014",6.3,
"FRA","DOCCONSULT","TOT","CAP","A","2015",6.2,
"FRA","DOCCONSULT","TOT","CAP","A","2016",6.2,
"FRA","DOCCONSULT","TOT","CAP","A","2017",6,
"FRA","DOCCONSULT","TOT","CAP","A","2018",5.9,
"FRA","DOCCONSULT","TOT","CAP","A","2019",5.9,
"FRA","DOCCONSULT","TOT","CAP","A","2020",5,
"FRA","DOCCONSULT","TOT","CAP","A","2021",5.5,
"DEU","DOCCONSULT","TOT","CAP","A","1991",5.3,"D"
"DEU","DOCCONSULT","TOT","CAP","A","1992",5.7,"D"
"DEU","DOCCONSULT","TOT","CAP","A","1993",6.2,"D"
"DEU","DOCCONSULT","TOT","CAP","A","1994",6.5,"D"
"DEU","DOCCONSULT","TOT","CAP","A","1995",6.8,"D"
"DEU","DOCCONSULT","TOT","CAP","A","1996",7,"D"
"DEU","DOCCONSULT","TOT","CAP","A","1997",7.3,"D"
"DEU","DOCCONSULT","TOT","CAP","A","1998",7.4,"D"
"DEU","DOCCONSULT","TOT","CAP","A","1999",7.6,"D"
"DEU","DOCCONSULT","TOT","CAP","A","2000",7.7,"D"
"DEU","DOCCONSULT","TOT","CAP","A","2001",7.9,"D"
"DEU","DOCCONSULT","TOT","CAP","A","2002",8,"D"
"DEU","DOCCONSULT","TOT","CAP","A","2003",8,"D"
"DEU","DOCCONSULT","TOT","CAP","A","2004",7.4,"D"
"DEU","DOCCONSULT","TOT","CAP","A","2005",8.1,"D"
"DEU","DOCCONSULT","TOT","CAP","A","2006",7.9,"D"
"DEU","DOCCONSULT","TOT","CAP","A","2007",8.1,"D"
"DEU","DOCCONSULT","TOT","CAP","A","2008",8.6,"D"
"DEU","DOCCONSULT","TOT","CAP","A","2009",9.2,"D"
"DEU","DOCCONSULT","TOT","CAP","A","2010",9.9,"D"
"DEU","DOCCONSULT","TOT","CAP","A","2011",9.7,"D"
"DEU","DOCCONSULT","TOT","CAP","A","2012",9.7,"D"
"DEU","DOCCONSULT","TOT","CAP","A","2013",9.9,"D"
"DEU","DOCCONSULT","TOT","CAP","A","2014",9.9,"D"
"DEU","DOCCONSULT","TOT","CAP","A","2015",10,"D"
"DEU","DOCCONSULT","TOT","CAP","A","2016",10,"D"
"DEU","DOCCONSULT","TOT","CAP","A","2017",9.9,"D"
"DEU","DOCCONSULT","TOT","CAP","A","2018",9.9,"D"
"DEU","DOCCONSULT","TOT","CAP","A","2019",9.8,"D"
"DEU","DOCCONSULT","TOT","CAP","A","2020",9.5,"D"
"DEU","DOCCONSULT","TOT","CAP","A","2021",9.6,"D"
"GRC","DOCCONSULT","TOT","CAP","A","1960",5.2,
"GRC","DOCCONSULT","TOT","CAP","A","1961",5.28,
"GRC","DOCCONSULT","TOT","CAP","A","1962",5.83,
"GRC","DOCCONSULT","TOT","CAP","A","1963",5.86,
"GRC","DOCCONSULT","TOT","CAP","A","1964",6.4,
"GRC","DOCCONSULT","TOT","CAP","A","1965",6.59,
"GRC","DOCCONSULT","TOT","CAP","A","1966",6.47,
"GRC","DOCCONSULT","TOT","CAP","A","1967",6.43,
"GRC","DOCCONSULT","TOT","CAP","A","1968",6.25,
"GRC","DOCCONSULT","TOT","CAP","A","1969",6.17,
"GRC","DOCCONSULT","TOT","CAP","A","1970",6.08,
"GRC","DOCCONSULT","TOT","CAP","A","1971",6.33,
"GRC","DOCCONSULT","TOT","CAP","A","1972",6.38,
"GRC","DOCCONSULT","TOT","CAP","A","1973",6.39,
"GRC","DOCCONSULT","TOT","CAP","A","1974",6.39,
"GRC","DOCCONSULT","TOT","CAP","A","1975",6.66,
"GRC","DOCCONSULT","TOT","CAP","A","1976",6.41,
"GRC","DOCCONSULT","TOT","CAP","A","1977",6.22,
"GRC","DOCCONSULT","TOT","CAP","A","1978",6.24,
"GRC","DOCCONSULT","TOT","CAP","A","1979",6.02,
"GRC","DOCCONSULT","TOT","CAP","A","1980",5.62,
"GRC","DOCCONSULT","TOT","CAP","A","1981",5.84,
"GRC","DOCCONSULT","TOT","CAP","A","1982",5.68,
"GRC","DOCCONSULT","TOT","CAP","A","1983",5.72,
"GRC","DOCCONSULT","TOT","CAP","A","1984",5.85,
"GRC","DOCCONSULT","TOT","CAP","A","1985",5.76,
"GRC","DOCCONSULT","TOT","CAP","A","1986",5.14,
"GRC","DOCCONSULT","TOT","CAP","A","1987",4.81,
"GRC","DOCCONSULT","TOT","CAP","A","1988",4.73,
"GRC","DOCCONSULT","TOT","CAP","A","1989",4.36,
"GRC","DOCCONSULT","TOT","CAP","A","1990",4.32,
"GRC","DOCCONSULT","TOT","CAP","A","1991",4.31,
"GRC","DOCCONSULT","TOT","CAP","A","1992",4.33,
"GRC","DOCCONSULT","TOT","CAP","A","1993",4.37,
"GRC","DOCCONSULT","TOT","CAP","A","1994",4.4,
"GRC","DOCCONSULT","TOT","CAP","A","1995",4.28,
"GRC","DOCCONSULT","TOT","CAP","A","1996",4.6,
"GRC","DOCCONSULT","TOT","CAP","A","1997",4.44,
"GRC","DOCCONSULT","TOT","CAP","A","1998",4.26,
"GRC","DOCCONSULT","TOT","CAP","A","1999",4.15,
"GRC","DOCCONSULT","TOT","CAP","A","2000",4.29,
"GRC","DOCCONSULT","TOT","CAP","A","2001",4.02,
"GRC","DOCCONSULT","TOT","CAP","A","2002",4.04,
"GRC","DOCCONSULT","TOT","CAP","A","2003",4.18,
"GRC","DOCCONSULT","TOT","CAP","A","2004",4.2,
"GRC","DOCCONSULT","TOT","CAP","A","2005",3.94,
"GRC","DOCCONSULT","TOT","CAP","A","2006",3.95,
"GRC","DOCCONSULT","TOT","CAP","A","2017",3.46,"B"
"GRC","DOCCONSULT","TOT","CAP","A","2018",3.34,
"GRC","DOCCONSULT","TOT","CAP","A","2019",3.46,
"GRC","DOCCONSULT","TOT","CAP","A","2020",2.74,
"GRC","DOCCONSULT","TOT","CAP","A","2021",2.69,
"HUN","DOCCONSULT","TOT","CAP","A","1975",11.1,
"HUN","DOCCONSULT","TOT","CAP","A","1976",10.6,
"HUN","DOCCONSULT","TOT","CAP","A","1977",10.3,
"HUN","DOCCONSULT","TOT","CAP","A","1978",10.3,
"HUN","DOCCONSULT","TOT","CAP","A","1979",10.4,
"HUN","DOCCONSULT","TOT","CAP","A","1980",10.5,
"HUN","DOCCONSULT","TOT","CAP","A","1981",10.6,
"HUN","DOCCONSULT","TOT","CAP","A","1982",10.6,
"HUN","DOCCONSULT","TOT","CAP","A","1983",10.8,
"HUN","DOCCONSULT","TOT","CAP","A","1984",10.9,
"HUN","DOCCONSULT","TOT","CAP","A","1985",11,
"HUN","DOCCONSULT","TOT","CAP","A","1986",11.4,
"HUN","DOCCONSULT","TOT","CAP","A","1987",11.1,
"HUN","DOCCONSULT","TOT","CAP","A","1988",11.5,
"HUN","DOCCONSULT","TOT","CAP","A","1989",11.7,
"HUN","DOCCONSULT","TOT","CAP","A","1990",13.17,
"HUN","DOCCONSULT","TOT","CAP","A","1991",13.27,
"HUN","DOCCONSULT","TOT","CAP","A","1992",13.75,
"HUN","DOCCONSULT","TOT","CAP","A","1993",13.44,
"HUN","DOCCONSULT","TOT","CAP","A","1994",9.8,"B"
"HUN","DOCCONSULT","TOT","CAP","A","1995",9.87,
"HUN","DOCCONSULT","TOT","CAP","A","1996",9.85,
"HUN","DOCCONSULT","TOT","CAP","A","1997",10.5,
"HUN","DOCCONSULT","TOT","CAP","A","1998",9.93,
"HUN","DOCCONSULT","TOT","CAP","A","1999",10.24,
"HUN","DOCCONSULT","TOT","CAP","A","2000",10.45,
"HUN","DOCCONSULT","TOT","CAP","A","2001",10.46,
"HUN","DOCCONSULT","TOT","CAP","A","2002",10.96,
"HUN","DOCCONSULT","TOT","CAP","A","2003",11.25,
"HUN","DOCCONSULT","TOT","CAP","A","2004",11.55,
"HUN","DOCCONSULT","TOT","CAP","A","2005",11.84,
"HUN","DOCCONSULT","TOT","CAP","A","2006",11.85,
"HUN","DOCCONSULT","TOT","CAP","A","2007",9.96,"B"
"HUN","DOCCONSULT","TOT","CAP","A","2008",10.38,
"HUN","DOCCONSULT","TOT","CAP","A","2009",10.98,
"HUN","DOCCONSULT","TOT","CAP","A","2010",10.98,
"HUN","DOCCONSULT","TOT","CAP","A","2011",11.14,
"HUN","DOCCONSULT","TOT","CAP","A","2012",11.08,
"HUN","DOCCONSULT","TOT","CAP","A","2013",11.05,
"HUN","DOCCONSULT","TOT","CAP","A","2014",11.09,
"HUN","DOCCONSULT","TOT","CAP","A","2015",11.07,
"HUN","DOCCONSULT","TOT","CAP","A","2016",11.06,
"HUN","DOCCONSULT","TOT","CAP","A","2017",10.9,
"HUN","DOCCONSULT","TOT","CAP","A","2018",10.66,
"HUN","DOCCONSULT","TOT","CAP","A","2019",10.73,
"HUN","DOCCONSULT","TOT","CAP","A","2020",9.43,
"HUN","DOCCONSULT","TOT","CAP","A","2021",9.45,
"ISL","DOCCONSULT","TOT","CAP","A","1989",5.1,
"ISL","DOCCONSULT","TOT","CAP","A","1990",5.1,
"ISL","DOCCONSULT","TOT","CAP","A","1991",5.2,
"ISL","DOCCONSULT","TOT","CAP","A","1992",4.9,
"ISL","DOCCONSULT","TOT","CAP","A","1993",4.9,
"ISL","DOCCONSULT","TOT","CAP","A","1994",4.9,
"ISL","DOCCONSULT","TOT","CAP","A","1995",5.1,
"ISL","DOCCONSULT","TOT","CAP","A","1996",5.2,
"ISL","DOCCONSULT","TOT","CAP","A","1997",5.2,
"ISL","DOCCONSULT","TOT","CAP","A","1998",5.1,
"ISL","DOCCONSULT","TOT","CAP","A","1999",5.6,
"ISL","DOCCONSULT","TOT","CAP","A","2000",5.8,
"ISL","DOCCONSULT","TOT","CAP","A","2001",5.9,
"ISL","DOCCONSULT","TOT","CAP","A","2002",6.1,
"ISL","DOCCONSULT","TOT","CAP","A","2003",6.2,
"ISL","DOCCONSULT","TOT","CAP","A","2004",6.3,
"ISL","DOCCONSULT","TOT","CAP","A","2005",6.5,
"ISL","DOCCONSULT","TOT","CAP","A","2006",6.3,
"ISL","DOCCONSULT","TOT","CAP","A","2007",6.5,
"ISL","DOCCONSULT","TOT","CAP","A","2008",6.4,"B"
"ISL","DOCCONSULT","TOT","CAP","A","2009",6.4,
"ISL","DOCCONSULT","TOT","CAP","A","2010",6.1,
"ISL","DOCCONSULT","TOT","CAP","A","2011",6.1,
"ISL","DOCCONSULT","TOT","CAP","A","2012",5.9,
"ISL","DOCCONSULT","TOT","CAP","A","2013",6,
"ISL","DOCCONSULT","TOT","CAP","A","2014",5.9,
"IRL","DOCCONSULT","TOT","CAP","A","2007",3.28,
"IRL","DOCCONSULT","TOT","CAP","A","2010",3.8,
"IRL","DOCCONSULT","TOT","CAP","A","2015",5.7,
"IRL","DOCCONSULT","TOT","CAP","A","2016",5.7,"D"
"IRL","DOCCONSULT","TOT","CAP","A","2017",5.717,
"IRL","DOCCONSULT","TOT","CAP","A","2018",5.036,
"IRL","DOCCONSULT","TOT","CAP","A","2019",5.757,
"ITA","DOCCONSULT","TOT","CAP","A","1991",6.8,
"ITA","DOCCONSULT","TOT","CAP","A","1994",6.6,
"ITA","DOCCONSULT","TOT","CAP","A","1999",6,
"ITA","DOCCONSULT","TOT","CAP","A","2000",6.1,
"ITA","DOCCONSULT","TOT","CAP","A","2005",6.1,
"ITA","DOCCONSULT","TOT","CAP","A","2013",6.8,
"ITA","DOCCONSULT","TOT","CAP","A","2014",9.818,
"ITA","DOCCONSULT","TOT","CAP","A","2015",9.637,"E"
"ITA","DOCCONSULT","TOT","CAP","A","2016",9.865,"E"
"ITA","DOCCONSULT","TOT","CAP","A","2017",10.139,"E"
"ITA","DOCCONSULT","TOT","CAP","A","2018",10.344,"E"
"ITA","DOCCONSULT","TOT","CAP","A","2019",10.418,"E"
"ITA","DOCCONSULT","TOT","CAP","A","2020",5.245,"E"
"ITA","DOCCONSULT","TOT","CAP","A","2021",5.3,"E"
"JPN","DOCCONSULT","TOT","CAP","A","1985",13.51,"D"
"JPN","DOCCONSULT","TOT","CAP","A","1986",13.6,"D"
"JPN","DOCCONSULT","TOT","CAP","A","1987",13.8,"D"
"JPN","DOCCONSULT","TOT","CAP","A","1988",13.85,"D"
"JPN","DOCCONSULT","TOT","CAP","A","1989",13.8,"D"
"JPN","DOCCONSULT","TOT","CAP","A","1990",13.8,"D"
"JPN","DOCCONSULT","TOT","CAP","A","1991",14.18,"D"
"JPN","DOCCONSULT","TOT","CAP","A","1992",14.49,"D"
"JPN","DOCCONSULT","TOT","CAP","A","1993",14.35,"D"
"JPN","DOCCONSULT","TOT","CAP","A","1994",14.7,"D"
"JPN","DOCCONSULT","TOT","CAP","A","1995",14.64,"D"
"JPN","DOCCONSULT","TOT","CAP","A","1996",14.81,"D"
"JPN","DOCCONSULT","TOT","CAP","A","1997",14.27,"D"
"JPN","DOCCONSULT","TOT","CAP","A","1998",14.49,"D"
"JPN","DOCCONSULT","TOT","CAP","A","1999",14.51,"D"
"JPN","DOCCONSULT","TOT","CAP","A","2000",14.44,"D"
"JPN","DOCCONSULT","TOT","CAP","A","2001",14.47,"D"
"JPN","DOCCONSULT","TOT","CAP","A","2002",14.1,"D"
"JPN","DOCCONSULT","TOT","CAP","A","2003",13.81,"D"
"JPN","DOCCONSULT","TOT","CAP","A","2004",13.75,"D"
"JPN","DOCCONSULT","TOT","CAP","A","2005",13.67,"D"
"JPN","DOCCONSULT","TOT","CAP","A","2006",13.55,"D"
"JPN","DOCCONSULT","TOT","CAP","A","2007",13.41,"D"
"JPN","DOCCONSULT","TOT","CAP","A","2008",13.21,"D"
"JPN","DOCCONSULT","TOT","CAP","A","2009",13.08,"D"
"JPN","DOCCONSULT","TOT","CAP","A","2010",13.07,"D"
"JPN","DOCCONSULT","TOT","CAP","A","2011",13.04,"D"
"JPN","DOCCONSULT","TOT","CAP","A","2012",12.93,"D"
"JPN","DOCCONSULT","TOT","CAP","A","2013",12.78,"D"
"JPN","DOCCONSULT","TOT","CAP","A","2014",12.73,"D"
"JPN","DOCCONSULT","TOT","CAP","A","2015",12.75,"D"
"JPN","DOCCONSULT","TOT","CAP","A","2016",12.62,"D"
"JPN","DOCCONSULT","TOT","CAP","A","2017",12.58,"D"
"JPN","DOCCONSULT","TOT","CAP","A","2018",12.51,"D"
"JPN","DOCCONSULT","TOT","CAP","A","2019",12.36,"D"
"JPN","DOCCONSULT","TOT","CAP","A","2020",11.13,"D"
"KOR","DOCCONSULT","TOT","CAP","A","1999",8.8,
"KOR","DOCCONSULT","TOT","CAP","A","2002",10.6,
"KOR","DOCCONSULT","TOT","CAP","A","2005",11.79,
"KOR","DOCCONSULT","TOT","CAP","A","2008",12.87,
"KOR","DOCCONSULT","TOT","CAP","A","2009",12.86,
"KOR","DOCCONSULT","TOT","CAP","A","2010",13.45,
"KOR","DOCCONSULT","TOT","CAP","A","2011",12.47,
"KOR","DOCCONSULT","TOT","CAP","A","2012",14.28,
"KOR","DOCCONSULT","TOT","CAP","A","2013",14.56,
"KOR","DOCCONSULT","TOT","CAP","A","2014",16.9,"B"
"KOR","DOCCONSULT","TOT","CAP","A","2015",16.6,
"KOR","DOCCONSULT","TOT","CAP","A","2016",17.1,
"KOR","DOCCONSULT","TOT","CAP","A","2017",16.7,
"KOR","DOCCONSULT","TOT","CAP","A","2018",16.9,
"KOR","DOCCONSULT","TOT","CAP","A","2019",17.2,
"KOR","DOCCONSULT","TOT","CAP","A","2020",14.7,
"KOR","DOCCONSULT","TOT","CAP","A","2021",15.65,
"LUX","DOCCONSULT","TOT","CAP","A","2003",6.12,
"LUX","DOCCONSULT","TOT","CAP","A","2004",5.95,
"LUX","DOCCONSULT","TOT","CAP","A","2005",6.01,
"LUX","DOCCONSULT","TOT","CAP","A","2006",5.91,
"LUX","DOCCONSULT","TOT","CAP","A","2007",5.96,
"LUX","DOCCONSULT","TOT","CAP","A","2008",6.03,
"LUX","DOCCONSULT","TOT","CAP","A","2009",6.09,"B"
"LUX","DOCCONSULT","TOT","CAP","A","2010",5.84,
"LUX","DOCCONSULT","TOT","CAP","A","2011",5.98,
"LUX","DOCCONSULT","TOT","CAP","A","2012",5.97,
"LUX","DOCCONSULT","TOT","CAP","A","2013",5.94,
"LUX","DOCCONSULT","TOT","CAP","A","2014",5.9,
"LUX","DOCCONSULT","TOT","CAP","A","2015",5.87,
"LUX","DOCCONSULT","TOT","CAP","A","2016",5.95,
"LUX","DOCCONSULT","TOT","CAP","A","2017",5.73,
"LUX","DOCCONSULT","TOT","CAP","A","2018",5.78,
"LUX","DOCCONSULT","TOT","CAP","A","2019",5.56,
"LUX","DOCCONSULT","TOT","CAP","A","2020",4.41,
"LUX","DOCCONSULT","TOT","CAP","A","2021",4.8,"P"
"MEX","DOCCONSULT","TOT","CAP","A","1980",1.25,
"MEX","DOCCONSULT","TOT","CAP","A","1981",1.26,
"MEX","DOCCONSULT","TOT","CAP","A","1982",1.49,
"MEX","DOCCONSULT","TOT","CAP","A","1983",1.61,
"MEX","DOCCONSULT","TOT","CAP","A","1984",1.65,
"MEX","DOCCONSULT","TOT","CAP","A","1985",1.64,
"MEX","DOCCONSULT","TOT","CAP","A","1986",1.64,
"MEX","DOCCONSULT","TOT","CAP","A","1987",1.72,
"MEX","DOCCONSULT","TOT","CAP","A","1988",1.74,
"MEX","DOCCONSULT","TOT","CAP","A","1989",1.73,
"MEX","DOCCONSULT","TOT","CAP","A","1990",1.74,
"MEX","DOCCONSULT","TOT","CAP","A","1991",1.74,
"MEX","DOCCONSULT","TOT","CAP","A","1992",1.78,
"MEX","DOCCONSULT","TOT","CAP","A","1993",1.87,
"MEX","DOCCONSULT","TOT","CAP","A","1994",1.98,
"MEX","DOCCONSULT","TOT","CAP","A","1995",2.11,
"MEX","DOCCONSULT","TOT","CAP","A","1996",2.19,
"MEX","DOCCONSULT","TOT","CAP","A","1997",2.27,
"MEX","DOCCONSULT","TOT","CAP","A","1998",2.32,
"MEX","DOCCONSULT","TOT","CAP","A","1999",2.45,
"MEX","DOCCONSULT","TOT","CAP","A","2000",2.5,
"MEX","DOCCONSULT","TOT","CAP","A","2001",2.5,
"MEX","DOCCONSULT","TOT","CAP","A","2002",2.56,
"MEX","DOCCONSULT","TOT","CAP","A","2003",2.53,
"MEX","DOCCONSULT","TOT","CAP","A","2004",2.54,
"MEX","DOCCONSULT","TOT","CAP","A","2005",2.7,
"MEX","DOCCONSULT","TOT","CAP","A","2006",2.62,
"MEX","DOCCONSULT","TOT","CAP","A","2007",2.74,
"MEX","DOCCONSULT","TOT","CAP","A","2008",2.77,
"MEX","DOCCONSULT","TOT","CAP","A","2009",2.94,
"MEX","DOCCONSULT","TOT","CAP","A","2010",2.93,
"MEX","DOCCONSULT","TOT","CAP","A","2011",2.74,
"MEX","DOCCONSULT","TOT","CAP","A","2012",2.98,
"MEX","DOCCONSULT","TOT","CAP","A","2013",2.77,
"MEX","DOCCONSULT","TOT","CAP","A","2014",2.62,
"MEX","DOCCONSULT","TOT","CAP","A","2015",2.68,
"MEX","DOCCONSULT","TOT","CAP","A","2016",2.63,
"MEX","DOCCONSULT","TOT","CAP","A","2017",2.53,
"MEX","DOCCONSULT","TOT","CAP","A","2018",2.35,
"MEX","DOCCONSULT","TOT","CAP","A","2019",2.23,
"MEX","DOCCONSULT","TOT","CAP","A","2020",1.37,
"MEX","DOCCONSULT","TOT","CAP","A","2021",1.524,
"NLD","DOCCONSULT","TOT","CAP","A","1966",4.2,
"NLD","DOCCONSULT","TOT","CAP","A","1967",4.2,
"NLD","DOCCONSULT","TOT","CAP","A","1968",4.2,
"NLD","DOCCONSULT","TOT","CAP","A","1980",4.9,
"NLD","DOCCONSULT","TOT","CAP","A","1981",5.3,
"NLD","DOCCONSULT","TOT","CAP","A","1982",5,
"NLD","DOCCONSULT","TOT","CAP","A","1983",5.2,
"NLD","DOCCONSULT","TOT","CAP","A","1984",5.1,
"NLD","DOCCONSULT","TOT","CAP","A","1985",5.2,
"NLD","DOCCONSULT","TOT","CAP","A","1986",5.1,
"NLD","DOCCONSULT","TOT","CAP","A","1987",5.5,
"NLD","DOCCONSULT","TOT","CAP","A","1988",5.2,
"NLD","DOCCONSULT","TOT","CAP","A","1989",5.5,
"NLD","DOCCONSULT","TOT","CAP","A","1990",5.5,
"NLD","DOCCONSULT","TOT","CAP","A","1991",5.4,
"NLD","DOCCONSULT","TOT","CAP","A","1992",5.9,
"NLD","DOCCONSULT","TOT","CAP","A","1993",5.7,
"NLD","DOCCONSULT","TOT","CAP","A","1994",5.7,
"NLD","DOCCONSULT","TOT","CAP","A","1995",5.7,
"NLD","DOCCONSULT","TOT","CAP","A","1996",5.4,
"NLD","DOCCONSULT","TOT","CAP","A","1997",5.9,
"NLD","DOCCONSULT","TOT","CAP","A","1998",5.6,
"NLD","DOCCONSULT","TOT","CAP","A","1999",5.8,
"NLD","DOCCONSULT","TOT","CAP","A","2000",5.9,
"NLD","DOCCONSULT","TOT","CAP","A","2001",5.8,
"NLD","DOCCONSULT","TOT","CAP","A","2002",5.6,
"NLD","DOCCONSULT","TOT","CAP","A","2003",5.5,
"NLD","DOCCONSULT","TOT","CAP","A","2004",5.3,
"NLD","DOCCONSULT","TOT","CAP","A","2005",5.4,
"NLD","DOCCONSULT","TOT","CAP","A","2006",5.6,
"NLD","DOCCONSULT","TOT","CAP","A","2007",5.7,
"NLD","DOCCONSULT","TOT","CAP","A","2008",5.9,
"NLD","DOCCONSULT","TOT","CAP","A","2009",5.7,
"NLD","DOCCONSULT","TOT","CAP","A","2010",6.6,
"NLD","DOCCONSULT","TOT","CAP","A","2011",6.6,"D"
"NLD","DOCCONSULT","TOT","CAP","A","2012",6.2,"D"
"NLD","DOCCONSULT","TOT","CAP","A","2013",6.2,"D"
"NLD","DOCCONSULT","TOT","CAP","A","2014",8,
"NLD","DOCCONSULT","TOT","CAP","A","2015",8.2,"D"
"NLD","DOCCONSULT","TOT","CAP","A","2016",8.8,"D"
"NLD","DOCCONSULT","TOT","CAP","A","2017",8.3,"D"
"NLD","DOCCONSULT","TOT","CAP","A","2018",9,"D"
"NLD","DOCCONSULT","TOT","CAP","A","2019",8.8,"D"
"NLD","DOCCONSULT","TOT","CAP","A","2020",8.4,"D"
"NLD","DOCCONSULT","TOT","CAP","A","2021",8.6,"D"
"NZL","DOCCONSULT","TOT","CAP","A","1977",3.7,
"NZL","DOCCONSULT","TOT","CAP","A","1978",3.7,
"NZL","DOCCONSULT","TOT","CAP","A","1979",3.8,
"NZL","DOCCONSULT","TOT","CAP","A","1980",3.7,
"NZL","DOCCONSULT","TOT","CAP","A","1981",3.8,
"NZL","DOCCONSULT","TOT","CAP","A","2003",4,
"NZL","DOCCONSULT","TOT","CAP","A","2007",4.14,
"NZL","DOCCONSULT","TOT","CAP","A","2012",3.65,
"NZL","DOCCONSULT","TOT","CAP","A","2017",3.79,
"NOR","DOCCONSULT","TOT","CAP","A","1975",4.5,
"NOR","DOCCONSULT","TOT","CAP","A","1985",5.7,
"NOR","DOCCONSULT","TOT","CAP","A","1991",3.8,
"NOR","DOCCONSULT","TOT","CAP","A","2006",3.7,"E"
"NOR","DOCCONSULT","TOT","CAP","A","2007",3.8,"E"
"NOR","DOCCONSULT","TOT","CAP","A","2008",3.9,"E"
"NOR","DOCCONSULT","TOT","CAP","A","2009",4,"E"
"NOR","DOCCONSULT","TOT","CAP","A","2010",4.1,"E"
"NOR","DOCCONSULT","TOT","CAP","A","2011",4.4,"B"
"NOR","DOCCONSULT","TOT","CAP","A","2012",4.4,
"NOR","DOCCONSULT","TOT","CAP","A","2013",4.2,
"NOR","DOCCONSULT","TOT","CAP","A","2014",4.3,
"NOR","DOCCONSULT","TOT","CAP","A","2015",4.3,
"NOR","DOCCONSULT","TOT","CAP","A","2016",4.4,
"NOR","DOCCONSULT","TOT","CAP","A","2017",4.5,
"NOR","DOCCONSULT","TOT","CAP","A","2018",4.5,
"NOR","DOCCONSULT","TOT","CAP","A","2019",4.4,
"NOR","DOCCONSULT","TOT","CAP","A","2020",3.7,
"NOR","DOCCONSULT","TOT","CAP","A","2021",3.9,"D"
"POL","DOCCONSULT","TOT","CAP","A","1960",3.3,
"POL","DOCCONSULT","TOT","CAP","A","1965",3.7,
"POL","DOCCONSULT","TOT","CAP","A","1966",4,
"POL","DOCCONSULT","TOT","CAP","A","1967",4.1,
"POL","DOCCONSULT","TOT","CAP","A","1968",4.1,
"POL","DOCCONSULT","TOT","CAP","A","1969",4.5,
"POL","DOCCONSULT","TOT","CAP","A","1970",4.9,
"POL","DOCCONSULT","TOT","CAP","A","1971",5.4,
"POL","DOCCONSULT","TOT","CAP","A","1972",5.7,
"POL","DOCCONSULT","TOT","CAP","A","1973",6,
"POL","DOCCONSULT","TOT","CAP","A","1974",6.1,
"POL","DOCCONSULT","TOT","CAP","A","1975",6.2,
"POL","DOCCONSULT","TOT","CAP","A","1976",6.1,
"POL","DOCCONSULT","TOT","CAP","A","1977",6.3,
"POL","DOCCONSULT","TOT","CAP","A","1978",6.4,
"POL","DOCCONSULT","TOT","CAP","A","1979",6.2,
"POL","DOCCONSULT","TOT","CAP","A","1980",6.5,
"POL","DOCCONSULT","TOT","CAP","A","1981",5.9,
"POL","DOCCONSULT","TOT","CAP","A","1982",6,
"POL","DOCCONSULT","TOT","CAP","A","1983",6.1,
"POL","DOCCONSULT","TOT","CAP","A","1984",6.3,
"POL","DOCCONSULT","TOT","CAP","A","1985",6.4,
"POL","DOCCONSULT","TOT","CAP","A","1986",6.4,
"POL","DOCCONSULT","TOT","CAP","A","1987",6.3,
"POL","DOCCONSULT","TOT","CAP","A","1988",6.2,
"POL","DOCCONSULT","TOT","CAP","A","1989",6,
"POL","DOCCONSULT","TOT","CAP","A","1990",5.8,
"POL","DOCCONSULT","TOT","CAP","A","1991",5.8,"B"
"POL","DOCCONSULT","TOT","CAP","A","1992",5.4,
"POL","DOCCONSULT","TOT","CAP","A","1993",5.3,
"POL","DOCCONSULT","TOT","CAP","A","1994",5.4,
"POL","DOCCONSULT","TOT","CAP","A","1995",5.4,
"POL","DOCCONSULT","TOT","CAP","A","1996",5.2,
"POL","DOCCONSULT","TOT","CAP","A","1997",5.3,
"POL","DOCCONSULT","TOT","CAP","A","1998",5.4,"B"
"POL","DOCCONSULT","TOT","CAP","A","1999",5.3,
"POL","DOCCONSULT","TOT","CAP","A","2000",5.4,
"POL","DOCCONSULT","TOT","CAP","A","2001",5.5,
"POL","DOCCONSULT","TOT","CAP","A","2002",5.6,
"POL","DOCCONSULT","TOT","CAP","A","2003",6.1,"B"
"POL","DOCCONSULT","TOT","CAP","A","2004",6.2,
"POL","DOCCONSULT","TOT","CAP","A","2005",6.3,
"POL","DOCCONSULT","TOT","CAP","A","2006",6.6,
"POL","DOCCONSULT","TOT","CAP","A","2007",6.8,
"POL","DOCCONSULT","TOT","CAP","A","2008",6.8,
"POL","DOCCONSULT","TOT","CAP","A","2009",6.8,
"POL","DOCCONSULT","TOT","CAP","A","2010",6.6,
"POL","DOCCONSULT","TOT","CAP","A","2011",6.8,
"POL","DOCCONSULT","TOT","CAP","A","2012",7,
"POL","DOCCONSULT","TOT","CAP","A","2013",7.1,
"POL","DOCCONSULT","TOT","CAP","A","2014",7.2,
"POL","DOCCONSULT","TOT","CAP","A","2015",7.4,
"POL","DOCCONSULT","TOT","CAP","A","2016",7.5,
"POL","DOCCONSULT","TOT","CAP","A","2017",7.6,
"POL","DOCCONSULT","TOT","CAP","A","2018",7.6,
"POL","DOCCONSULT","TOT","CAP","A","2019",7.7,
"POL","DOCCONSULT","TOT","CAP","A","2020",6.8,
"POL","DOCCONSULT","TOT","CAP","A","2021",7.6,
"PRT","DOCCONSULT","TOT","CAP","A","1985",2.2,"D"
"PRT","DOCCONSULT","TOT","CAP","A","1986",2.4,"D"
"PRT","DOCCONSULT","TOT","CAP","A","1987",2.4,"D"
"PRT","DOCCONSULT","TOT","CAP","A","1988",2.8,"D"
"PRT","DOCCONSULT","TOT","CAP","A","1989",2.9,"D"
"PRT","DOCCONSULT","TOT","CAP","A","1990",3,"D"
"PRT","DOCCONSULT","TOT","CAP","A","1991",3,"D"
"PRT","DOCCONSULT","TOT","CAP","A","1992",3.1,"D"
"PRT","DOCCONSULT","TOT","CAP","A","1993",3.1,"D"
"PRT","DOCCONSULT","TOT","CAP","A","1994",3.1,"D"
"PRT","DOCCONSULT","TOT","CAP","A","1995",3.2,"D"
"PRT","DOCCONSULT","TOT","CAP","A","1996",3.2,"D"
"PRT","DOCCONSULT","TOT","CAP","A","1997",3.3,"D"
"PRT","DOCCONSULT","TOT","CAP","A","1998",3.4,"D"
"PRT","DOCCONSULT","TOT","CAP","A","1999",3.5,"D"
"PRT","DOCCONSULT","TOT","CAP","A","2000",3.5,"D"
"PRT","DOCCONSULT","TOT","CAP","A","2001",3.6,"D"
"PRT","DOCCONSULT","TOT","CAP","A","2002",3.7,"D"
"PRT","DOCCONSULT","TOT","CAP","A","2003",3.7,"D"
"PRT","DOCCONSULT","TOT","CAP","A","2004",3.8,"D"
"PRT","DOCCONSULT","TOT","CAP","A","2005",3.9,"D"
"PRT","DOCCONSULT","TOT","CAP","A","2006",3.9,"D"
"PRT","DOCCONSULT","TOT","CAP","A","2007",4.1,"D"
"PRT","DOCCONSULT","TOT","CAP","A","2008",4.5,"D"
"PRT","DOCCONSULT","TOT","CAP","A","2009",4,"D"
"PRT","DOCCONSULT","TOT","CAP","A","2010",4.1,"D"
"PRT","DOCCONSULT","TOT","CAP","A","2011",4.2,"D"
"PRT","DOCCONSULT","TOT","CAP","A","2012",4.1,"D"
"PRT","DOCCONSULT","TOT","CAP","A","2014",3.653,
"PRT","DOCCONSULT","TOT","CAP","A","2015",3.82,"D"
"PRT","DOCCONSULT","TOT","CAP","A","2016",3.883,"D"
"PRT","DOCCONSULT","TOT","CAP","A","2017",3.888,"D"
"PRT","DOCCONSULT","TOT","CAP","A","2018",3.979,"D"
"PRT","DOCCONSULT","TOT","CAP","A","2019",4.055,"D"
"PRT","DOCCONSULT","TOT","CAP","A","2020",3.008,"D"
"PRT","DOCCONSULT","TOT","CAP","A","2021",3.461,"D"
"SVK","DOCCONSULT","TOT","CAP","A","2007",11.11,
"SVK","DOCCONSULT","TOT","CAP","A","2008",11.98,
"SVK","DOCCONSULT","TOT","CAP","A","2009",11.47,
"SVK","DOCCONSULT","TOT","CAP","A","2010",11.47,
"SVK","DOCCONSULT","TOT","CAP","A","2011",10.93,
"SVK","DOCCONSULT","TOT","CAP","A","2012",11.06,
"SVK","DOCCONSULT","TOT","CAP","A","2013",10.95,
"SVK","DOCCONSULT","TOT","CAP","A","2014",11.19,
"SVK","DOCCONSULT","TOT","CAP","A","2015",11.31,
"SVK","DOCCONSULT","TOT","CAP","A","2016",11.35,
"SVK","DOCCONSULT","TOT","CAP","A","2017",10.9,
"SVK","DOCCONSULT","TOT","CAP","A","2018",10.88,
"SVK","DOCCONSULT","TOT","CAP","A","2019",11.12,"D"
"SVK","DOCCONSULT","TOT","CAP","A","2020",10.06,"D"
"SVK","DOCCONSULT","TOT","CAP","A","2021",11.03,"D"
"ESP","DOCCONSULT","TOT","CAP","A","1987",6.5,
"ESP","DOCCONSULT","TOT","CAP","A","1993",8.3,
"ESP","DOCCONSULT","TOT","CAP","A","1995",7.8,
"ESP","DOCCONSULT","TOT","CAP","A","1997",8.2,
"ESP","DOCCONSULT","TOT","CAP","A","2001",8.7,
"ESP","DOCCONSULT","TOT","CAP","A","2003",9.5,
"ESP","DOCCONSULT","TOT","CAP","A","2006",8.1,
"ESP","DOCCONSULT","TOT","CAP","A","2009",7.5,"B"
"ESP","DOCCONSULT","TOT","CAP","A","2011",7.36,
"ESP","DOCCONSULT","TOT","CAP","A","2014",7.6,
"ESP","DOCCONSULT","TOT","CAP","A","2017",7.257,
"ESP","DOCCONSULT","TOT","CAP","A","2019",6.991,"B"
"ESP","DOCCONSULT","TOT","CAP","A","2020",4.937,
"ESP","DOCCONSULT","TOT","CAP","A","2021",4.779,
"CHE","DOCCONSULT","TOT","CAP","A","2002",3.37,
"CHE","DOCCONSULT","TOT","CAP","A","2007",4.08,
"CHE","DOCCONSULT","TOT","CAP","A","2012",3.85,
"CHE","DOCCONSULT","TOT","CAP","A","2017",4.32,
"TUR","DOCCONSULT","TOT","CAP","A","1960",0.7,
"TUR","DOCCONSULT","TOT","CAP","A","1961",0.7,
"TUR","DOCCONSULT","TOT","CAP","A","1962",0.7,
"TUR","DOCCONSULT","TOT","CAP","A","1963",0.7,
"TUR","DOCCONSULT","TOT","CAP","A","1964",0.8,
"TUR","DOCCONSULT","TOT","CAP","A","1965",0.8,
"TUR","DOCCONSULT","TOT","CAP","A","1966",0.8,
"TUR","DOCCONSULT","TOT","CAP","A","1967",0.8,
"TUR","DOCCONSULT","TOT","CAP","A","1968",0.8,
"TUR","DOCCONSULT","TOT","CAP","A","1969",0.8,
"TUR","DOCCONSULT","TOT","CAP","A","1970",0.8,
"TUR","DOCCONSULT","TOT","CAP","A","1971",0.9,
"TUR","DOCCONSULT","TOT","CAP","A","1972",0.9,
"TUR","DOCCONSULT","TOT","CAP","A","1973",0.9,
"TUR","DOCCONSULT","TOT","CAP","A","1974",0.9,
"TUR","DOCCONSULT","TOT","CAP","A","1975",0.9,
"TUR","DOCCONSULT","TOT","CAP","A","1976",0.9,
"TUR","DOCCONSULT","TOT","CAP","A","1977",0.9,
"TUR","DOCCONSULT","TOT","CAP","A","1978",0.9,
"TUR","DOCCONSULT","TOT","CAP","A","1979",1,
"TUR","DOCCONSULT","TOT","CAP","A","1980",1,
"TUR","DOCCONSULT","TOT","CAP","A","1981",1,
"TUR","DOCCONSULT","TOT","CAP","A","1982",1,
"TUR","DOCCONSULT","TOT","CAP","A","1983",1,
"TUR","DOCCONSULT","TOT","CAP","A","1984",1.1,
"TUR","DOCCONSULT","TOT","CAP","A","1985",1.1,
"TUR","DOCCONSULT","TOT","CAP","A","1986",1.1,
"TUR","DOCCONSULT","TOT","CAP","A","1987",1.1,
"TUR","DOCCONSULT","TOT","CAP","A","1988",1.2,
"TUR","DOCCONSULT","TOT","CAP","A","1989",1.3,
"TUR","DOCCONSULT","TOT","CAP","A","1990",1.3,
"TUR","DOCCONSULT","TOT","CAP","A","1991",1.3,
"TUR","DOCCONSULT","TOT","CAP","A","1992",1.3,
"TUR","DOCCONSULT","TOT","CAP","A","1993",1.6,
"TUR","DOCCONSULT","TOT","CAP","A","1994",1.7,
"TUR","DOCCONSULT","TOT","CAP","A","1995",1.8,
"TUR","DOCCONSULT","TOT","CAP","A","1996",2,
"TUR","DOCCONSULT","TOT","CAP","A","1997",2.2,
"TUR","DOCCONSULT","TOT","CAP","A","1998",2.4,
"TUR","DOCCONSULT","TOT","CAP","A","1999",2.6,
"TUR","DOCCONSULT","TOT","CAP","A","2000",2.8,
"TUR","DOCCONSULT","TOT","CAP","A","2001",3,
"TUR","DOCCONSULT","TOT","CAP","A","2002",3.1,
"TUR","DOCCONSULT","TOT","CAP","A","2003",3.4,
"TUR","DOCCONSULT","TOT","CAP","A","2004",3.7,
"TUR","DOCCONSULT","TOT","CAP","A","2005",4.6,
"TUR","DOCCONSULT","TOT","CAP","A","2006",5.3,
"TUR","DOCCONSULT","TOT","CAP","A","2007",6.1,
"TUR","DOCCONSULT","TOT","CAP","A","2008",6.7,
"TUR","DOCCONSULT","TOT","CAP","A","2009",7.3,
"TUR","DOCCONSULT","TOT","CAP","A","2010",7.3,
"TUR","DOCCONSULT","TOT","CAP","A","2011",8.2,
"TUR","DOCCONSULT","TOT","CAP","A","2012",8.2,
"TUR","DOCCONSULT","TOT","CAP","A","2013",8.2,
"TUR","DOCCONSULT","TOT","CAP","A","2014",8.3,
"TUR","DOCCONSULT","TOT","CAP","A","2015",8.4,
"TUR","DOCCONSULT","TOT","CAP","A","2016",8.6,
"TUR","DOCCONSULT","TOT","CAP","A","2017",8.9,
"TUR","DOCCONSULT","TOT","CAP","A","2018",9.5,
"TUR","DOCCONSULT","TOT","CAP","A","2019",9.8,
"TUR","DOCCONSULT","TOT","CAP","A","2020",7.2,
"TUR","DOCCONSULT","TOT","CAP","A","2021",8,
"GBR","DOCCONSULT","TOT","CAP","A","1972",5,
"GBR","DOCCONSULT","TOT","CAP","A","1973",4.5,
"GBR","DOCCONSULT","TOT","CAP","A","1974",4.6,
"GBR","DOCCONSULT","TOT","CAP","A","1975",4.5,
"GBR","DOCCONSULT","TOT","CAP","A","1976",4.3,
"GBR","DOCCONSULT","TOT","CAP","A","1977",4.7,
"GBR","DOCCONSULT","TOT","CAP","A","1978",5,
"GBR","DOCCONSULT","TOT","CAP","A","1979",5,
"GBR","DOCCONSULT","TOT","CAP","A","1980",5.2,
"GBR","DOCCONSULT","TOT","CAP","A","1981",4.8,
"GBR","DOCCONSULT","TOT","CAP","A","1982",5.3,
"GBR","DOCCONSULT","TOT","CAP","A","1983",5.6,
"GBR","DOCCONSULT","TOT","CAP","A","1984",5.1,
"GBR","DOCCONSULT","TOT","CAP","A","1985",5.1,
"GBR","DOCCONSULT","TOT","CAP","A","1986",6.1,
"GBR","DOCCONSULT","TOT","CAP","A","1987",6.6,
"GBR","DOCCONSULT","TOT","CAP","A","1988",5.1,
"GBR","DOCCONSULT","TOT","CAP","A","1989",5.6,
"GBR","DOCCONSULT","TOT","CAP","A","1990",6.1,
"GBR","DOCCONSULT","TOT","CAP","A","1991",5.6,
"GBR","DOCCONSULT","TOT","CAP","A","1992",6.1,
"GBR","DOCCONSULT","TOT","CAP","A","1993",6.6,
"GBR","DOCCONSULT","TOT","CAP","A","1994",6.1,
"GBR","DOCCONSULT","TOT","CAP","A","1995",6.1,
"GBR","DOCCONSULT","TOT","CAP","A","1996",6.1,
"GBR","DOCCONSULT","TOT","CAP","A","1998",5.4,
"GBR","DOCCONSULT","TOT","CAP","A","2000",5.3,
"GBR","DOCCONSULT","TOT","CAP","A","2001",5.1,
"GBR","DOCCONSULT","TOT","CAP","A","2002",5.7,
"GBR","DOCCONSULT","TOT","CAP","A","2003",5.2,
"GBR","DOCCONSULT","TOT","CAP","A","2004",5.3,
"GBR","DOCCONSULT","TOT","CAP","A","2005",5,
"GBR","DOCCONSULT","TOT","CAP","A","2006",5.1,
"GBR","DOCCONSULT","TOT","CAP","A","2007",5,
"GBR","DOCCONSULT","TOT","CAP","A","2008",5.9,
"GBR","DOCCONSULT","TOT","CAP","A","2009",5,
"USA","DOCCONSULT","TOT","CAP","A","1996",3.9,
"USA","DOCCONSULT","TOT","CAP","A","1997",3.7,
"USA","DOCCONSULT","TOT","CAP","A","1998",3.7,
"USA","DOCCONSULT","TOT","CAP","A","1999",3.7,
"USA","DOCCONSULT","TOT","CAP","A","2000",3.7,
"USA","DOCCONSULT","TOT","CAP","A","2001",3.9,
"USA","DOCCONSULT","TOT","CAP","A","2002",3.9,
"USA","DOCCONSULT","TOT","CAP","A","2003",3.8,
"USA","DOCCONSULT","TOT","CAP","A","2004",3.8,
"USA","DOCCONSULT","TOT","CAP","A","2005",3.8,
"USA","DOCCONSULT","TOT","CAP","A","2006",3.8,
"USA","DOCCONSULT","TOT","CAP","A","2007",3.7,
"USA","DOCCONSULT","TOT","CAP","A","2008",3.7,
"USA","DOCCONSULT","TOT","CAP","A","2009",3.7,
"USA","DOCCONSULT","TOT","CAP","A","2010",3.7,
"USA","DOCCONSULT","TOT","CAP","A","2011",3.8,
"USA","DOCCONSULT","TOT","CAP","A","2012",3.7,
"USA","DOCCONSULT","TOT","CAP","A","2013",3.7,
"USA","DOCCONSULT","TOT","CAP","A","2014",3.9,
"USA","DOCCONSULT","TOT","CAP","A","2015",3.7,
"USA","DOCCONSULT","TOT","CAP","A","2016",3.6,
"USA","DOCCONSULT","TOT","CAP","A","2017",3.6,
"USA","DOCCONSULT","TOT","CAP","A","2018",3.9,
"USA","DOCCONSULT","TOT","CAP","A","2019",3.8,
"USA","DOCCONSULT","TOT","CAP","A","2020",3.4,
"BRA","DOCCONSULT","TOT","CAP","A","1995",2.045,
"BRA","DOCCONSULT","TOT","CAP","A","1996",2.019,
"BRA","DOCCONSULT","TOT","CAP","A","1997",1.998,
"BRA","DOCCONSULT","TOT","CAP","A","1998",1.917,
"BRA","DOCCONSULT","TOT","CAP","A","1999",1.68,
"BRA","DOCCONSULT","TOT","CAP","A","2000",2.004,
"BRA","DOCCONSULT","TOT","CAP","A","2001",2.026,
"BRA","DOCCONSULT","TOT","CAP","A","2002",2.123,
"BRA","DOCCONSULT","TOT","CAP","A","2003",2.101,
"BRA","DOCCONSULT","TOT","CAP","A","2004",2.046,
"BRA","DOCCONSULT","TOT","CAP","A","2005",2.101,
"BRA","DOCCONSULT","TOT","CAP","A","2006",2.167,
"BRA","DOCCONSULT","TOT","CAP","A","2007",2.351,
"BRA","DOCCONSULT","TOT","CAP","A","2008",2.403,
"BRA","DOCCONSULT","TOT","CAP","A","2009",2.484,
"BRA","DOCCONSULT","TOT","CAP","A","2010",2.46,
"BRA","DOCCONSULT","TOT","CAP","A","2011",2.552,
"BRA","DOCCONSULT","TOT","CAP","A","2012",2.488,
"BRA","DOCCONSULT","TOT","CAP","A","2013",2.562,
"BRA","DOCCONSULT","TOT","CAP","A","2014",2.712,
"BRA","DOCCONSULT","TOT","CAP","A","2015",2.556,
"BRA","DOCCONSULT","TOT","CAP","A","2016",2.443,
"BRA","DOCCONSULT","TOT","CAP","A","2017",2.312,
"BRA","DOCCONSULT","TOT","CAP","A","2018",2.048,
"BRA","DOCCONSULT","TOT","CAP","A","2019",2.03,
"BRA","DOCCONSULT","TOT","CAP","A","2020",1.429,
"BRA","DOCCONSULT","TOT","CAP","A","2021",1.595,
"CHL","DOCCONSULT","TOT","CAP","A","1999",2.202,
"CHL","DOCCONSULT","TOT","CAP","A","2000",2.433,
"CHL","DOCCONSULT","TOT","CAP","A","2001",2.617,
"CHL","DOCCONSULT","TOT","CAP","A","2002",2.674,
"CHL","DOCCONSULT","TOT","CAP","A","2003",2.802,
"CHL","DOCCONSULT","TOT","CAP","A","2004",2.818,
"CHL","DOCCONSULT","TOT","CAP","A","2005",2.818,
"CHL","DOCCONSULT","TOT","CAP","A","2006",2.866,
"CHL","DOCCONSULT","TOT","CAP","A","2007",2.869,
"CHL","DOCCONSULT","TOT","CAP","A","2008",2.952,
"CHL","DOCCONSULT","TOT","CAP","A","2009",3.155,
"CHL","DOCCONSULT","TOT","CAP","A","2010",3.295,
"CHL","DOCCONSULT","TOT","CAP","A","2011",3.368,
"CHL","DOCCONSULT","TOT","CAP","A","2012",3.334,
"CHL","DOCCONSULT","TOT","CAP","A","2013",3.478,
"CHL","DOCCONSULT","TOT","CAP","A","2014",3.38,
"CHL","DOCCONSULT","TOT","CAP","A","2015",3.451,
"CHL","DOCCONSULT","TOT","CAP","A","2016",3.566,
"CHL","DOCCONSULT","TOT","CAP","A","2017",3.754,
"CHL","DOCCONSULT","TOT","CAP","A","2018",2.767,"B"
"CHL","DOCCONSULT","TOT","CAP","A","2019",2.874,
"CHL","DOCCONSULT","TOT","CAP","A","2020",2.159,
"CHL","DOCCONSULT","TOT","CAP","A","2021",2.614,
"CHL","DOCCONSULT","TOT","CAP","A","2022",2.871,"P"
"EST","DOCCONSULT","TOT","CAP","A","1970",6.16,
"EST","DOCCONSULT","TOT","CAP","A","1971",6.31,
"EST","DOCCONSULT","TOT","CAP","A","1972",6.14,
"EST","DOCCONSULT","TOT","CAP","A","1973",6.49,
"EST","DOCCONSULT","TOT","CAP","A","1974",6.82,
"EST","DOCCONSULT","TOT","CAP","A","1975",7.03,
"EST","DOCCONSULT","TOT","CAP","A","1976",7.32,
"EST","DOCCONSULT","TOT","CAP","A","1977",7.45,
"EST","DOCCONSULT","TOT","CAP","A","1978",7.59,
"EST","DOCCONSULT","TOT","CAP","A","1979",7.76,
"EST","DOCCONSULT","TOT","CAP","A","1980",8.04,
"EST","DOCCONSULT","TOT","CAP","A","1981",8.23,
"EST","DOCCONSULT","TOT","CAP","A","1982",8.32,
"EST","DOCCONSULT","TOT","CAP","A","1983",8.71,
"EST","DOCCONSULT","TOT","CAP","A","1984",8.61,
"EST","DOCCONSULT","TOT","CAP","A","1985",8.81,
"EST","DOCCONSULT","TOT","CAP","A","1986",9.12,
"EST","DOCCONSULT","TOT","CAP","A","1987",8.97,
"EST","DOCCONSULT","TOT","CAP","A","1988",8.47,
"EST","DOCCONSULT","TOT","CAP","A","1989",7.7,"B"
"EST","DOCCONSULT","TOT","CAP","A","1990",7.74,
"EST","DOCCONSULT","TOT","CAP","A","1991",7.16,"B"
"EST","DOCCONSULT","TOT","CAP","A","1992",5.3,
"EST","DOCCONSULT","TOT","CAP","A","1993",5.78,
"EST","DOCCONSULT","TOT","CAP","A","1994",5.95,
"EST","DOCCONSULT","TOT","CAP","A","1995",6.03,
"EST","DOCCONSULT","TOT","CAP","A","1996",6.06,
"EST","DOCCONSULT","TOT","CAP","A","1997",6.13,
"EST","DOCCONSULT","TOT","CAP","A","1998",6.34,
"EST","DOCCONSULT","TOT","CAP","A","1999",6.25,
"EST","DOCCONSULT","TOT","CAP","A","2000",6.19,
"EST","DOCCONSULT","TOT","CAP","A","2001",6.06,
"EST","DOCCONSULT","TOT","CAP","A","2002",5.98,
"EST","DOCCONSULT","TOT","CAP","A","2003",6.08,
"EST","DOCCONSULT","TOT","CAP","A","2004",6.22,
"EST","DOCCONSULT","TOT","CAP","A","2005",6.32,
"EST","DOCCONSULT","TOT","CAP","A","2006",6.41,
"EST","DOCCONSULT","TOT","CAP","A","2007",6.63,
"EST","DOCCONSULT","TOT","CAP","A","2008",6.55,
"EST","DOCCONSULT","TOT","CAP","A","2009",6.32,
"EST","DOCCONSULT","TOT","CAP","A","2010",6.06,
"EST","DOCCONSULT","TOT","CAP","A","2011",6.35,
"EST","DOCCONSULT","TOT","CAP","A","2012",6.27,
"EST","DOCCONSULT","TOT","CAP","A","2013",6.35,
"EST","DOCCONSULT","TOT","CAP","A","2014",6.32,
"EST","DOCCONSULT","TOT","CAP","A","2015",6.399,
"EST","DOCCONSULT","TOT","CAP","A","2016",6.29,
"EST","DOCCONSULT","TOT","CAP","A","2017",5.871,
"EST","DOCCONSULT","TOT","CAP","A","2018",5.628,
"EST","DOCCONSULT","TOT","CAP","A","2019",5.45,
"EST","DOCCONSULT","TOT","CAP","A","2020",4.101,
"EST","DOCCONSULT","TOT","CAP","A","2021",4.101,
"ISR","DOCCONSULT","TOT","CAP","A","1996",6.8,
"ISR","DOCCONSULT","TOT","CAP","A","2000",7.1,
"ISR","DOCCONSULT","TOT","CAP","A","2009",6.2,
"ISR","DOCCONSULT","TOT","CAP","A","2015",8.7,"B"
"ISR","DOCCONSULT","TOT","CAP","A","2016",8.5,
"ISR","DOCCONSULT","TOT","CAP","A","2017",8.4,
"ISR","DOCCONSULT","TOT","CAP","A","2018",8.2,
"ISR","DOCCONSULT","TOT","CAP","A","2019",8.1,
"ISR","DOCCONSULT","TOT","CAP","A","2020",6.8,
"ISR","DOCCONSULT","TOT","CAP","A","2021",7.2,
"ISR","DOCCONSULT","TOT","CAP","A","2022",6.9,
"RUS","DOCCONSULT","TOT","CAP","A","1980",10.1,
"RUS","DOCCONSULT","TOT","CAP","A","1985",11.1,
"RUS","DOCCONSULT","TOT","CAP","A","1987",10.8,
"RUS","DOCCONSULT","TOT","CAP","A","1988",10.4,
"RUS","DOCCONSULT","TOT","CAP","A","1989",9.8,
"RUS","DOCCONSULT","TOT","CAP","A","1990",9.5,
"RUS","DOCCONSULT","TOT","CAP","A","1991",9,
"RUS","DOCCONSULT","TOT","CAP","A","1992",9,
"RUS","DOCCONSULT","TOT","CAP","A","1993",9.2,
"RUS","DOCCONSULT","TOT","CAP","A","1994",9.2,
"RUS","DOCCONSULT","TOT","CAP","A","1995",9.1,
"RUS","DOCCONSULT","TOT","CAP","A","1996",9.1,
"RUS","DOCCONSULT","TOT","CAP","A","1997",9.1,
"RUS","DOCCONSULT","TOT","CAP","A","1998",9.1,
"RUS","DOCCONSULT","TOT","CAP","A","1999",9.3,
"RUS","DOCCONSULT","TOT","CAP","A","2000",9.4,
"RUS","DOCCONSULT","TOT","CAP","A","2001",9.5,
"RUS","DOCCONSULT","TOT","CAP","A","2002",9.6,
"RUS","DOCCONSULT","TOT","CAP","A","2003",9.4,
"RUS","DOCCONSULT","TOT","CAP","A","2004",9,
"RUS","DOCCONSULT","TOT","CAP","A","2005",8.9,
"RUS","DOCCONSULT","TOT","CAP","A","2006",9,
"RUS","DOCCONSULT","TOT","CAP","A","2007",9.2,
"RUS","DOCCONSULT","TOT","CAP","A","2008",10.1,"B"
"RUS","DOCCONSULT","TOT","CAP","A","2009",10.3,
"RUS","DOCCONSULT","TOT","CAP","A","2010",10.1,
"RUS","DOCCONSULT","TOT","CAP","A","2011",10.3,
"RUS","DOCCONSULT","TOT","CAP","A","2012",10.5,
"RUS","DOCCONSULT","TOT","CAP","A","2013",10.5,
"RUS","DOCCONSULT","TOT","CAP","A","2014",10.2,"B"
"RUS","DOCCONSULT","TOT","CAP","A","2015",10,
"RUS","DOCCONSULT","TOT","CAP","A","2016",9.7,
"RUS","DOCCONSULT","TOT","CAP","A","2017",9.7,
"RUS","DOCCONSULT","TOT","CAP","A","2018",9.8,
"RUS","DOCCONSULT","TOT","CAP","A","2019",9.9,
"SVN","DOCCONSULT","TOT","CAP","A","2006",6.6,
"SVN","DOCCONSULT","TOT","CAP","A","2007",6.7,
"SVN","DOCCONSULT","TOT","CAP","A","2008",6.7,
"SVN","DOCCONSULT","TOT","CAP","A","2009",6.6,
"SVN","DOCCONSULT","TOT","CAP","A","2010",6.4,
"SVN","DOCCONSULT","TOT","CAP","A","2011",6.5,
"SVN","DOCCONSULT","TOT","CAP","A","2012",6.3,
"SVN","DOCCONSULT","TOT","CAP","A","2013",6.5,
"SVN","DOCCONSULT","TOT","CAP","A","2014",6.6,
"SVN","DOCCONSULT","TOT","CAP","A","2015",6.8,
"SVN","DOCCONSULT","TOT","CAP","A","2016",6.7,
"SVN","DOCCONSULT","TOT","CAP","A","2017",6.6,
"SVN","DOCCONSULT","TOT","CAP","A","2018",6.6,
"SVN","DOCCONSULT","TOT","CAP","A","2019",6.7,
"SVN","DOCCONSULT","TOT","CAP","A","2020",5.3,
"SVN","DOCCONSULT","TOT","CAP","A","2021",5.9,
"ZAF","DOCCONSULT","TOT","CAP","A","2000",1.9,
"ZAF","DOCCONSULT","TOT","CAP","A","2001",1.9,
"ZAF","DOCCONSULT","TOT","CAP","A","2002",2,
"ZAF","DOCCONSULT","TOT","CAP","A","2003",2.1,
"ZAF","DOCCONSULT","TOT","CAP","A","2004",2.1,
"ZAF","DOCCONSULT","TOT","CAP","A","2005",2.2,
"ZAF","DOCCONSULT","TOT","CAP","A","2006",2.2,
"ZAF","DOCCONSULT","TOT","CAP","A","2007",2.2,
"ZAF","DOCCONSULT","TOT","CAP","A","2008",2.3,
"ZAF","DOCCONSULT","TOT","CAP","A","2009",2.4,
"ZAF","DOCCONSULT","TOT","CAP","A","2010",2.4,
"ZAF","DOCCONSULT","TOT","CAP","A","2011",2.5,
"ZAF","DOCCONSULT","TOT","CAP","A","2012",2.5,
"SWE","DOCCONSULT","TOT","CAP","A","2001",2.946,
"SWE","DOCCONSULT","TOT","CAP","A","2002",2.955,
"SWE","DOCCONSULT","TOT","CAP","A","2003",2.823,
"SWE","DOCCONSULT","TOT","CAP","A","2004",2.793,
"SWE","DOCCONSULT","TOT","CAP","A","2005",2.808,
"SWE","DOCCONSULT","TOT","CAP","A","2006",2.839,
"SWE","DOCCONSULT","TOT","CAP","A","2007",2.82,
"SWE","DOCCONSULT","TOT","CAP","A","2008",2.855,
"SWE","DOCCONSULT","TOT","CAP","A","2009",2.88,
"SWE","DOCCONSULT","TOT","CAP","A","2010",2.915,
"SWE","DOCCONSULT","TOT","CAP","A","2011",2.953,
"SWE","DOCCONSULT","TOT","CAP","A","2012",2.937,
"SWE","DOCCONSULT","TOT","CAP","A","2013",2.929,
"SWE","DOCCONSULT","TOT","CAP","A","2014",2.912,
"SWE","DOCCONSULT","TOT","CAP","A","2015",2.873,
"SWE","DOCCONSULT","TOT","CAP","A","2016",2.838,
"SWE","DOCCONSULT","TOT","CAP","A","2017",2.775,
"SWE","DOCCONSULT","TOT","CAP","A","2018",2.673,
"SWE","DOCCONSULT","TOT","CAP","A","2019",2.634,
"SWE","DOCCONSULT","TOT","CAP","A","2020",2.162,
"SWE","DOCCONSULT","TOT","CAP","A","2021",2.261,
"COL","DOCCONSULT","TOT","CAP","A","2009",1.247,
"COL","DOCCONSULT","TOT","CAP","A","2010",1.225,
"COL","DOCCONSULT","TOT","CAP","A","2011",1.607,
"COL","DOCCONSULT","TOT","CAP","A","2012",1.867,
"COL","DOCCONSULT","TOT","CAP","A","2013",1.727,
"COL","DOCCONSULT","TOT","CAP","A","2014",2.279,
"COL","DOCCONSULT","TOT","CAP","A","2015",1.997,
"COL","DOCCONSULT","TOT","CAP","A","2016",1.315,
"COL","DOCCONSULT","TOT","CAP","A","2017",1.887,
"COL","DOCCONSULT","TOT","CAP","A","2018",2.207,
"COL","DOCCONSULT","TOT","CAP","A","2019",2.568,
"LVA","DOCCONSULT","TOT","CAP","A","1980",9.8,
"LVA","DOCCONSULT","TOT","CAP","A","1981",9.8,
"LVA","DOCCONSULT","TOT","CAP","A","1982",10.1,
"LVA","DOCCONSULT","TOT","CAP","A","1983",10.3,
"LVA","DOCCONSULT","TOT","CAP","A","1984",10.4,
"LVA","DOCCONSULT","TOT","CAP","A","1985",10.4,
"LVA","DOCCONSULT","TOT","CAP","A","1986",10.6,
"LVA","DOCCONSULT","TOT","CAP","A","1987",10,
"LVA","DOCCONSULT","TOT","CAP","A","1988",9.4,
"LVA","DOCCONSULT","TOT","CAP","A","1989",8.5,
"LVA","DOCCONSULT","TOT","CAP","A","1990",8.1,
"LVA","DOCCONSULT","TOT","CAP","A","1991",7.4,
"LVA","DOCCONSULT","TOT","CAP","A","1992",6.1,
"LVA","DOCCONSULT","TOT","CAP","A","1993",5.2,
"LVA","DOCCONSULT","TOT","CAP","A","1994",5.1,
"LVA","DOCCONSULT","TOT","CAP","A","1995",4.8,
"LVA","DOCCONSULT","TOT","CAP","A","1996",4.3,
"LVA","DOCCONSULT","TOT","CAP","A","1997",4.5,
"LVA","DOCCONSULT","TOT","CAP","A","1998",4.6,
"LVA","DOCCONSULT","TOT","CAP","A","1999",4.9,
"LVA","DOCCONSULT","TOT","CAP","A","2000",4.8,
"LVA","DOCCONSULT","TOT","CAP","A","2001",4.8,
"LVA","DOCCONSULT","TOT","CAP","A","2002",4.6,
"LVA","DOCCONSULT","TOT","CAP","A","2003",4.8,
"LVA","DOCCONSULT","TOT","CAP","A","2004",5.1,
"LVA","DOCCONSULT","TOT","CAP","A","2005",5.3,
"LVA","DOCCONSULT","TOT","CAP","A","2006",5.6,
"LVA","DOCCONSULT","TOT","CAP","A","2007",6,
"LVA","DOCCONSULT","TOT","CAP","A","2008",6.2,
"LVA","DOCCONSULT","TOT","CAP","A","2009",5.9,
"LVA","DOCCONSULT","TOT","CAP","A","2010",5.9,
"LVA","DOCCONSULT","TOT","CAP","A","2011",6.3,
"LVA","DOCCONSULT","TOT","CAP","A","2012",7,
"LVA","DOCCONSULT","TOT","CAP","A","2013",6.2,
"LVA","DOCCONSULT","TOT","CAP","A","2014",5.8,
"LVA","DOCCONSULT","TOT","CAP","A","2015",5.9,
"LVA","DOCCONSULT","TOT","CAP","A","2016",5.9,
"LVA","DOCCONSULT","TOT","CAP","A","2017",6.1,
"LVA","DOCCONSULT","TOT","CAP","A","2018",6,
"LVA","DOCCONSULT","TOT","CAP","A","2019",6.1,
"LVA","DOCCONSULT","TOT","CAP","A","2020",5.1,
"LVA","DOCCONSULT","TOT","CAP","A","2021",6,
"LTU","DOCCONSULT","TOT","CAP","A","1980",9.1,
"LTU","DOCCONSULT","TOT","CAP","A","1985",13.2,
"LTU","DOCCONSULT","TOT","CAP","A","1986",10.7,
"LTU","DOCCONSULT","TOT","CAP","A","1987",9.9,
"LTU","DOCCONSULT","TOT","CAP","A","1988",9.5,
"LTU","DOCCONSULT","TOT","CAP","A","1989",8.5,
"LTU","DOCCONSULT","TOT","CAP","A","1990",9.6,
"LTU","DOCCONSULT","TOT","CAP","A","1991",9.5,
"LTU","DOCCONSULT","TOT","CAP","A","1992",8.7,
"LTU","DOCCONSULT","TOT","CAP","A","1993",8.2,
"LTU","DOCCONSULT","TOT","CAP","A","1994",7.7,
"LTU","DOCCONSULT","TOT","CAP","A","1995",7.1,
"LTU","DOCCONSULT","TOT","CAP","A","1996",7.1,
"LTU","DOCCONSULT","TOT","CAP","A","1997",7.3,
"LTU","DOCCONSULT","TOT","CAP","A","1998",7,
"LTU","DOCCONSULT","TOT","CAP","A","1999",6.8,
"LTU","DOCCONSULT","TOT","CAP","A","2000",6.4,
"LTU","DOCCONSULT","TOT","CAP","A","2001",6.63,
"LTU","DOCCONSULT","TOT","CAP","A","2002",6.48,
"LTU","DOCCONSULT","TOT","CAP","A","2003",6.56,
"LTU","DOCCONSULT","TOT","CAP","A","2004",6.73,
"LTU","DOCCONSULT","TOT","CAP","A","2005",6.96,
"LTU","DOCCONSULT","TOT","CAP","A","2006",6.83,
"LTU","DOCCONSULT","TOT","CAP","A","2007",7.15,
"LTU","DOCCONSULT","TOT","CAP","A","2008",7.31,
"LTU","DOCCONSULT","TOT","CAP","A","2009",7.23,
"LTU","DOCCONSULT","TOT","CAP","A","2010",7.3,
"LTU","DOCCONSULT","TOT","CAP","A","2011",7.65,
"LTU","DOCCONSULT","TOT","CAP","A","2012",7.98,
"LTU","DOCCONSULT","TOT","CAP","A","2013",8.11,
"LTU","DOCCONSULT","TOT","CAP","A","2014",8.63,
"LTU","DOCCONSULT","TOT","CAP","A","2015",8.82,
"LTU","DOCCONSULT","TOT","CAP","A","2016",9.2,
"LTU","DOCCONSULT","TOT","CAP","A","2017",9.5,
"LTU","DOCCONSULT","TOT","CAP","A","2018",9.85,
"LTU","DOCCONSULT","TOT","CAP","A","2019",9.54,
"LTU","DOCCONSULT","TOT","CAP","A","2020",6.12,
"LTU","DOCCONSULT","TOT","CAP","A","2021",6.48,
"CRI","DOCCONSULT","TOT","CAP","A","1966",1.022,
"CRI","DOCCONSULT","TOT","CAP","A","1967",1.17,
"CRI","DOCCONSULT","TOT","CAP","A","1968",1.236,
"CRI","DOCCONSULT","TOT","CAP","A","1969",1.258,
"CRI","DOCCONSULT","TOT","CAP","A","1970",1.281,
"CRI","DOCCONSULT","TOT","CAP","A","1971",1.35,
"CRI","DOCCONSULT","TOT","CAP","A","1972",1.545,
"CRI","DOCCONSULT","TOT","CAP","A","1973",1.609,
"CRI","DOCCONSULT","TOT","CAP","A","1974",1.699,
"CRI","DOCCONSULT","TOT","CAP","A","1975",1.834,
"CRI","DOCCONSULT","TOT","CAP","A","1976",2.086,
"CRI","DOCCONSULT","TOT","CAP","A","1977",2.328,
"CRI","DOCCONSULT","TOT","CAP","A","1978",2.426,
"CRI","DOCCONSULT","TOT","CAP","A","1979",2.372,
"CRI","DOCCONSULT","TOT","CAP","A","1980",2.345,
"CRI","DOCCONSULT","TOT","CAP","A","1981",2.322,
"CRI","DOCCONSULT","TOT","CAP","A","1982",2.28,
"CRI","DOCCONSULT","TOT","CAP","A","1983",2.341,
"CRI","DOCCONSULT","TOT","CAP","A","1984",2.268,
"CRI","DOCCONSULT","TOT","CAP","A","1985",2.242,
"CRI","DOCCONSULT","TOT","CAP","A","1986",2.199,
"CRI","DOCCONSULT","TOT","CAP","A","1987",2.17,
"CRI","DOCCONSULT","TOT","CAP","A","1988",2.075,
"CRI","DOCCONSULT","TOT","CAP","A","1989",2.01,
"CRI","DOCCONSULT","TOT","CAP","A","1990",1.983,
"CRI","DOCCONSULT","TOT","CAP","A","1991",1.985,
"CRI","DOCCONSULT","TOT","CAP","A","1992",1.965,
"CRI","DOCCONSULT","TOT","CAP","A","1993",1.927,
"CRI","DOCCONSULT","TOT","CAP","A","1994",1.928,
"CRI","DOCCONSULT","TOT","CAP","A","1995",1.975,
"CRI","DOCCONSULT","TOT","CAP","A","1996",2.044,
"CRI","DOCCONSULT","TOT","CAP","A","1997",2.125,
"CRI","DOCCONSULT","TOT","CAP","A","1998",2.167,
"CRI","DOCCONSULT","TOT","CAP","A","1999",2.18,
"CRI","DOCCONSULT","TOT","CAP","A","2000",2.052,
"CRI","DOCCONSULT","TOT","CAP","A","2001",2.086,
"CRI","DOCCONSULT","TOT","CAP","A","2002",2.202,
"CRI","DOCCONSULT","TOT","CAP","A","2003",2.248,
"CRI","DOCCONSULT","TOT","CAP","A","2004",2.299,
"CRI","DOCCONSULT","TOT","CAP","A","2005",2.314,
"CRI","DOCCONSULT","TOT","CAP","A","2006",2.267,
"CRI","DOCCONSULT","TOT","CAP","A","2007",2.233,
"CRI","DOCCONSULT","TOT","CAP","A","2008",2.259,
"CRI","DOCCONSULT","TOT","CAP","A","2009",2.3,
"CRI","DOCCONSULT","TOT","CAP","A","2010",2.342,
"CRI","DOCCONSULT","TOT","CAP","A","2011",2.338,
"CRI","DOCCONSULT","TOT","CAP","A","2012",2.384,
"CRI","DOCCONSULT","TOT","CAP","A","2013",2.372,
"CRI","DOCCONSULT","TOT","CAP","A","2014",2.331,
"CRI","DOCCONSULT","TOT","CAP","A","2015",2.31,
"CRI","DOCCONSULT","TOT","CAP","A","2016",2.247,
"CRI","DOCCONSULT","TOT","CAP","A","2017",2.228,
"CRI","DOCCONSULT","TOT","CAP","A","2018",2.224,
"CRI","DOCCONSULT","TOT","CAP","A","2019",2.317,
"CRI","DOCCONSULT","TOT","CAP","A","2020",1.933,
"CRI","DOCCONSULT","TOT","CAP","A","2021",2.097,
"CRI","DOCCONSULT","TOT","CAP","A","2022",2.278,
"BGR","DOCCONSULT","TOT","CAP","A","1980",6.5,
"BGR","DOCCONSULT","TOT","CAP","A","1981",6.5,
"BGR","DOCCONSULT","TOT","CAP","A","1982",6.8,
"BGR","DOCCONSULT","TOT","CAP","A","1983",7,
"BGR","DOCCONSULT","TOT","CAP","A","1984",7.2,
"BGR","DOCCONSULT","TOT","CAP","A","1985",7.3,
"BGR","DOCCONSULT","TOT","CAP","A","1986",7.6,
"BGR","DOCCONSULT","TOT","CAP","A","1987",7.5,
"BGR","DOCCONSULT","TOT","CAP","A","1988",7.4,
"BGR","DOCCONSULT","TOT","CAP","A","1989",7.2,
"BGR","DOCCONSULT","TOT","CAP","A","1990",6.6,
"BGR","DOCCONSULT","TOT","CAP","A","1991",5.6,
"BGR","DOCCONSULT","TOT","CAP","A","1992",5.8,
"BGR","DOCCONSULT","TOT","CAP","A","1993",5.5,
"BGR","DOCCONSULT","TOT","CAP","A","1994",5.5,
"BGR","DOCCONSULT","TOT","CAP","A","1995",5.5,
"BGR","DOCCONSULT","TOT","CAP","A","1996",5.9,
"BGR","DOCCONSULT","TOT","CAP","A","1997",5.7,
"BGR","DOCCONSULT","TOT","CAP","A","1998",5.5,
"BGR","DOCCONSULT","TOT","CAP","A","1999",5.4,
"BGR","DOCCONSULT","TOT","CAP","A","2014",5.9,
"BGR","DOCCONSULT","TOT","CAP","A","2015",5.9,
"BGR","DOCCONSULT","TOT","CAP","A","2016",6.1,
"BGR","DOCCONSULT","TOT","CAP","A","2017",6,
"BGR","DOCCONSULT","TOT","CAP","A","2018",6.3,
"BGR","DOCCONSULT","TOT","CAP","A","2019",6.3,
"BGR","DOCCONSULT","TOT","CAP","A","2020",5.4,
"BGR","DOCCONSULT","TOT","CAP","A","2021",5.7,
"HRV","DOCCONSULT","TOT","CAP","A","1980",6.89,
"HRV","DOCCONSULT","TOT","CAP","A","1985",7.9,
"HRV","DOCCONSULT","TOT","CAP","A","1986",8.05,
"HRV","DOCCONSULT","TOT","CAP","A","1987",6.43,
"HRV","DOCCONSULT","TOT","CAP","A","1988",8.15,
"HRV","DOCCONSULT","TOT","CAP","A","1989",8.12,
"HRV","DOCCONSULT","TOT","CAP","A","1990",8.24,
"HRV","DOCCONSULT","TOT","CAP","A","1991",5.77,
"HRV","DOCCONSULT","TOT","CAP","A","1992",4.44,
"HRV","DOCCONSULT","TOT","CAP","A","1993",5.75,
"HRV","DOCCONSULT","TOT","CAP","A","1994",5.82,
"HRV","DOCCONSULT","TOT","CAP","A","1995",4.8,
"HRV","DOCCONSULT","TOT","CAP","A","1996",5.76,
"HRV","DOCCONSULT","TOT","CAP","A","1997",6.08,
"HRV","DOCCONSULT","TOT","CAP","A","1998",6.51,
"HRV","DOCCONSULT","TOT","CAP","A","1999",6.61,
"HRV","DOCCONSULT","TOT","CAP","A","2000",7,
"HRV","DOCCONSULT","TOT","CAP","A","2001",7.46,
"HRV","DOCCONSULT","TOT","CAP","A","2002",7.49,
"HRV","DOCCONSULT","TOT","CAP","A","2003",7.58,
"HRV","DOCCONSULT","TOT","CAP","A","2004",7.59,
"HRV","DOCCONSULT","TOT","CAP","A","2005",6.92,
"HRV","DOCCONSULT","TOT","CAP","A","2006",6.43,
"HRV","DOCCONSULT","TOT","CAP","A","2007",6.37,
"HRV","DOCCONSULT","TOT","CAP","A","2008",5.95,
"HRV","DOCCONSULT","TOT","CAP","A","2009",6.36,
"HRV","DOCCONSULT","TOT","CAP","A","2010",6.07,
"HRV","DOCCONSULT","TOT","CAP","A","2011",6.01,
"HRV","DOCCONSULT","TOT","CAP","A","2012",6.85,
"HRV","DOCCONSULT","TOT","CAP","A","2013",6.08,
"HRV","DOCCONSULT","TOT","CAP","A","2014",6.26,
"HRV","DOCCONSULT","TOT","CAP","A","2015",6.8,
"HRV","DOCCONSULT","TOT","CAP","A","2016",6.35,
"HRV","DOCCONSULT","TOT","CAP","A","2017",6.47,
"HRV","DOCCONSULT","TOT","CAP","A","2018",6.73,
"HRV","DOCCONSULT","TOT","CAP","A","2019",6.5,
"HRV","DOCCONSULT","TOT","CAP","A","2020",5.07,
"HRV","DOCCONSULT","TOT","CAP","A","2021",5.98,
"ROU","DOCCONSULT","TOT","CAP","A","1980",4.9,
"ROU","DOCCONSULT","TOT","CAP","A","1985",5,
"ROU","DOCCONSULT","TOT","CAP","A","1986",5.4,
"ROU","DOCCONSULT","TOT","CAP","A","1987",5.4,
"ROU","DOCCONSULT","TOT","CAP","A","1988",5.5,
"ROU","DOCCONSULT","TOT","CAP","A","1989",5.4,
"ROU","DOCCONSULT","TOT","CAP","A","1990",4.6,
"ROU","DOCCONSULT","TOT","CAP","A","1991",4.1,
"ROU","DOCCONSULT","TOT","CAP","A","1992",4.4,
"ROU","DOCCONSULT","TOT","CAP","A","1993",4.5,
"ROU","DOCCONSULT","TOT","CAP","A","1994",4.5,
"ROU","DOCCONSULT","TOT","CAP","A","1995",4.5,
"ROU","DOCCONSULT","TOT","CAP","A","1996",4.5,
"ROU","DOCCONSULT","TOT","CAP","A","1997",4.2,
"ROU","DOCCONSULT","TOT","CAP","A","1998",4,
"ROU","DOCCONSULT","TOT","CAP","A","1999",3.8,
"ROU","DOCCONSULT","TOT","CAP","A","2000",3.6,
"ROU","DOCCONSULT","TOT","CAP","A","2001",3.8,
"ROU","DOCCONSULT","TOT","CAP","A","2002",4.2,
"ROU","DOCCONSULT","TOT","CAP","A","2003",4.1,
"ROU","DOCCONSULT","TOT","CAP","A","2004",4.5,
"ROU","DOCCONSULT","TOT","CAP","A","2005",4.8,
"ROU","DOCCONSULT","TOT","CAP","A","2006",5,
"ROU","DOCCONSULT","TOT","CAP","A","2007",4.9,
"ROU","DOCCONSULT","TOT","CAP","A","2008",5.1,
"ROU","DOCCONSULT","TOT","CAP","A","2009",5.2,
"ROU","DOCCONSULT","TOT","CAP","A","2010",5,
"ROU","DOCCONSULT","TOT","CAP","A","2011",4.8,
"ROU","DOCCONSULT","TOT","CAP","A","2012",4.9,
"ROU","DOCCONSULT","TOT","CAP","A","2013",4.8,
"ROU","DOCCONSULT","TOT","CAP","A","2014",5.3,
"ROU","DOCCONSULT","TOT","CAP","A","2015",5.4,
"ROU","DOCCONSULT","TOT","CAP","A","2016",5,
"ROU","DOCCONSULT","TOT","CAP","A","2017",5,
"ROU","DOCCONSULT","TOT","CAP","A","2018",5.2,
"ROU","DOCCONSULT","TOT","CAP","A","2019",5.3,
"ROU","DOCCONSULT","TOT","CAP","A","2020",4.6,
"ROU","DOCCONSULT","TOT","CAP","A","2021",4.9,
